-- --------------------------------------------------------
-- Host:                         127.0.0.1
-- Server version:               8.0.28 - MySQL Community Server - GPL
-- Server OS:                    Linux
-- HeidiSQL Version:             11.3.0.6295
-- --------------------------------------------------------

/*!40101 SET @OLD_CHARACTER_SET_CLIENT=@@CHARACTER_SET_CLIENT */;
/*!40101 SET NAMES utf8 */;
/*!50503 SET NAMES utf8mb4 */;
/*!40014 SET @OLD_FOREIGN_KEY_CHECKS=@@FOREIGN_KEY_CHECKS, FOREIGN_KEY_CHECKS=0 */;
/*!40101 SET @OLD_SQL_MODE=@@SQL_MODE, SQL_MODE='NO_AUTO_VALUE_ON_ZERO' */;
/*!40111 SET @OLD_SQL_NOTES=@@SQL_NOTES, SQL_NOTES=0 */;


-- Dumping database structure for shirt-shop
CREATE DATABASE IF NOT EXISTS `shirt-shop` /*!40100 DEFAULT CHARACTER SET utf8mb4 COLLATE utf8mb4_0900_ai_ci */ /*!80016 DEFAULT ENCRYPTION='N' */;
USE `shirt-shop`;

-- Dumping structure for table shirt-shop.order
CREATE TABLE IF NOT EXISTS `order` (
  `order_id` int NOT NULL AUTO_INCREMENT,
  `order_datetime` datetime DEFAULT NULL,
  `order_status` int DEFAULT NULL,
  `order_user_id` int DEFAULT NULL,
  `order_addr` int DEFAULT NULL,
  PRIMARY KEY (`order_id`),
  KEY `FK_order_order_status` (`order_status`),
  KEY `FK_order_user` (`order_user_id`),
  KEY `FK_order_user_address` (`order_addr`),
  CONSTRAINT `FK_order_order_status` FOREIGN KEY (`order_status`) REFERENCES `order_status` (`order_status_id`),
  CONSTRAINT `FK_order_user` FOREIGN KEY (`order_user_id`) REFERENCES `user` (`user_id`),
  CONSTRAINT `FK_order_user_address` FOREIGN KEY (`order_addr`) REFERENCES `user_address` (`addr_id`)
) ENGINE=InnoDB AUTO_INCREMENT=317 DEFAULT CHARSET=utf8mb4 COLLATE=utf8mb4_0900_ai_ci;

-- Dumping data for table shirt-shop.order: ~10 rows (approximately)
/*!40000 ALTER TABLE `order` DISABLE KEYS */;
REPLACE INTO `order` (`order_id`, `order_datetime`, `order_status`, `order_user_id`, `order_addr`) VALUES
	(1, '2020-09-30 08:08:48', 4, 2, 33),
	(2, '2021-02-13 23:59:02', 2, 2, 35),
	(3, '2020-08-14 12:02:02', 1, 2, 21),
	(4, '2021-09-30 03:34:53', 1, 2, 35),
	(5, '2020-02-27 23:22:25', 1, 2, 35),
	(6, '2021-09-07 17:36:03', 3, 2, 33),
	(7, '2020-06-19 01:19:58', 2, 2, 33),
	(8, '2021-08-23 04:47:33', 1, 2, 33),
	(9, '2021-05-05 08:24:49', 2, 2, 33),
	(10, '2020-08-19 02:51:20', 4, 2, 33),
	(11, '2021-12-13 02:51:55', 2, 2, 33),
	(12, '2021-08-01 21:32:40', 3, 2, 21),
	(13, '2020-04-05 04:05:51', 4, 2, 21),
	(14, '2021-08-29 09:05:36', 4, 2, 33),
	(15, '2020-09-14 16:20:05', 1, 2, 33),
	(16, '2021-07-17 07:13:34', 2, 2, 33),
	(17, '2020-02-25 23:39:58', 2, 2, 33),
	(18, '2021-03-01 16:34:55', 4, 2, 33),
	(19, '2020-07-07 10:58:56', 3, 2, 35),
	(20, '2021-08-02 10:43:43', 4, 2, 21),
	(21, '2020-01-14 07:01:02', 1, 2, 35),
	(22, '2021-12-01 04:51:14', 4, 2, 35),
	(23, '2021-02-04 14:08:59', 4, 2, 35),
	(24, '2021-10-18 09:27:26', 1, 2, 35),
	(25, '2020-01-15 01:20:15', 2, 2, 35),
	(26, '2020-10-29 03:23:23', 4, 2, 35),
	(27, '2021-04-10 12:27:57', 2, 2, 35),
	(28, '2020-06-15 22:33:32', 3, 2, 35),
	(29, '2020-11-07 16:26:44', 3, 2, 35),
	(30, '2021-03-27 22:21:07', 2, 2, 35),
	(31, '2021-09-02 19:18:45', 1, 2, 35),
	(35, '2021-08-01 09:09:38', 3, 2, 21),
	(45, '2021-01-18 13:18:07', 1, 2, 21),
	(49, '2021-11-03 14:36:16', 2, 2, 21),
	(63, '2021-08-31 06:40:12', 2, 2, 21),
	(92, '2020-05-18 13:53:08', 1, 2, 21),
	(98, '2020-07-12 09:12:51', 3, 2, 21),
	(106, '2020-02-13 01:34:53', 3, 2, 21),
	(110, '2020-07-15 10:33:25', 2, 2, 47),
	(111, '2021-09-19 23:56:54', 2, 2, 47),
	(123, '2021-12-07 05:57:41', 1, 2, 47),
	(127, '2020-09-27 06:32:41', 3, 2, 47),
	(150, '2021-07-02 22:53:25', 1, 2, 47),
	(151, '2020-05-23 10:34:26', 4, 2, 48),
	(166, '2020-03-31 14:01:20', 2, 2, 48),
	(170, '2021-07-12 13:14:54', 3, 2, 48),
	(192, '2021-08-04 15:46:30', 1, 2, 48),
	(211, '2021-09-26 12:34:59', 3, 2, 48),
	(212, '2021-04-26 06:11:08', 2, 2, 48),
	(222, '2021-11-05 09:24:57', 4, 2, 25),
	(228, '2020-07-24 04:04:31', 1, 2, 25),
	(229, '2020-12-13 23:46:19', 3, 2, 25),
	(231, '2021-04-20 21:38:47', 2, 2, 25),
	(234, '2021-03-29 23:48:04', 3, 2, 25),
	(251, '2020-03-31 22:59:04', 3, 2, 26),
	(261, '2021-12-23 16:36:34', 3, 2, 26),
	(268, '2021-12-06 05:57:05', 3, 2, 26),
	(272, '2021-07-11 17:51:17', 2, 2, 26),
	(315, '2022-02-05 22:29:58', 1, 2, 47),
	(316, '2022-02-05 17:13:01', 1, 2, 54);
/*!40000 ALTER TABLE `order` ENABLE KEYS */;

-- Dumping structure for table shirt-shop.order_item
CREATE TABLE IF NOT EXISTS `order_item` (
  `order_item_id` int NOT NULL AUTO_INCREMENT,
  `order_item_quantity` int DEFAULT NULL,
  `order_item_product_id` int DEFAULT NULL,
  `order_id` int DEFAULT NULL,
  PRIMARY KEY (`order_item_id`),
  KEY `FK_order_item_order` (`order_id`),
  KEY `FK_order_item_product` (`order_item_product_id`),
  CONSTRAINT `FK_order_item_order` FOREIGN KEY (`order_id`) REFERENCES `order` (`order_id`),
  CONSTRAINT `FK_order_item_product` FOREIGN KEY (`order_item_product_id`) REFERENCES `product` (`product_id`)
) ENGINE=InnoDB AUTO_INCREMENT=3019 DEFAULT CHARSET=utf8mb4 COLLATE=utf8mb4_0900_ai_ci;

-- Dumping data for table shirt-shop.order_item: ~13 rows (approximately)
/*!40000 ALTER TABLE `order_item` DISABLE KEYS */;
REPLACE INTO `order_item` (`order_item_id`, `order_item_quantity`, `order_item_product_id`, `order_id`) VALUES
	(1, 13, 2852, 2),
	(2, 4, 2202, 2),
	(3, 12, 306, 2),
	(4, 8, 2171, 2),
	(3010, 2, 1005, 315),
	(3011, 8, 1006, 315),
	(3012, 4, 1007, 315),
	(3013, 1, 1008, 315),
	(3014, 2, 1110, 316),
	(3015, 8, 1111, 316),
	(3016, 4, 1112, 316),
	(3017, 1, 1113, 316),
	(3018, 10, 1114, 316);
/*!40000 ALTER TABLE `order_item` ENABLE KEYS */;

-- Dumping structure for table shirt-shop.order_status
CREATE TABLE IF NOT EXISTS `order_status` (
  `order_status_id` int NOT NULL AUTO_INCREMENT,
  `order_status_status` varchar(200) DEFAULT NULL,
  PRIMARY KEY (`order_status_id`)
) ENGINE=InnoDB AUTO_INCREMENT=5 DEFAULT CHARSET=utf8mb4 COLLATE=utf8mb4_0900_ai_ci;

-- Dumping data for table shirt-shop.order_status: ~4 rows (approximately)
/*!40000 ALTER TABLE `order_status` DISABLE KEYS */;
REPLACE INTO `order_status` (`order_status_id`, `order_status_status`) VALUES
	(1, 'กำลังตรวจสอบการชำระเงิน'),
	(2, 'จัดเตรียมสินค้าเรียบร้อย'),
	(3, 'สินค้าอยู่ขั้นตอนจัดส่ง'),
	(4, 'ส่งค้าส่งเรียบร้อยแล้ว');
/*!40000 ALTER TABLE `order_status` ENABLE KEYS */;

-- Dumping structure for table shirt-shop.product
CREATE TABLE IF NOT EXISTS `product` (
  `product_id` int NOT NULL AUTO_INCREMENT,
  `product_name` text NOT NULL,
  `product_catagory` int NOT NULL,
  `product_size` int NOT NULL,
  `product_gender` int NOT NULL,
  `product_price` float NOT NULL DEFAULT '0',
  `product_quantity` int NOT NULL,
  PRIMARY KEY (`product_id`),
  KEY `FK_product_product_catagory` (`product_catagory`),
  KEY `FK_product_product_size` (`product_size`),
  KEY `FK_product_product_gender` (`product_gender`),
  CONSTRAINT `FK_product_product_catagory` FOREIGN KEY (`product_catagory`) REFERENCES `product_catagory` (`product_catagory_id`),
  CONSTRAINT `FK_product_product_gender` FOREIGN KEY (`product_gender`) REFERENCES `product_gender` (`product_gender_id`),
  CONSTRAINT `FK_product_product_size` FOREIGN KEY (`product_size`) REFERENCES `product_size` (`product_size_id`)
) ENGINE=InnoDB AUTO_INCREMENT=3001 DEFAULT CHARSET=utf8mb4 COLLATE=utf8mb4_0900_ai_ci;

-- Dumping data for table shirt-shop.product: ~3,000 rows (approximately)
/*!40000 ALTER TABLE `product` DISABLE KEYS */;
REPLACE INTO `product` (`product_id`, `product_name`, `product_catagory`, `product_size`, `product_gender`, `product_price`, `product_quantity`) VALUES
	(1, 'Shopper Bag - S - 4', 2, 1, 2, 79.63, 64),
	(2, 'Sauce - Rosee', 1, 6, 1, 182.06, 75),
	(3, 'Swiss Chard - Red', 1, 3, 1, 626.25, 94),
	(4, 'Wine - Masi Valpolocell', 1, 5, 2, 966.03, 16),
	(5, 'Bagel - 12 Grain Preslice', 3, 4, 1, 881.55, 80),
	(6, 'Soup - Campbells Mac N Cheese', 3, 5, 1, 886.53, 11),
	(7, 'Trout - Smoked', 1, 8, 1, 484.88, 44),
	(8, 'Duck - Breast', 2, 6, 2, 395.22, 72),
	(9, 'Appetizer - Cheese Bites', 2, 1, 1, 759.05, 97),
	(10, 'Mushroom Morel Fresh', 2, 3, 2, 663.73, 98),
	(11, 'Salmon - Whole, 4 - 6 Pounds', 2, 7, 1, 814.07, 55),
	(12, 'Jam - Raspberry', 2, 8, 1, 603.81, 59),
	(13, 'Squid Ink', 2, 4, 2, 908.29, 75),
	(14, 'Vinegar - Sherry', 3, 6, 1, 46.12, 6),
	(15, 'Salmon - Sockeye Raw', 3, 2, 1, 956.21, 35),
	(16, 'Pepper - Pablano', 2, 1, 2, 633.9, 59),
	(17, 'Jolt Cola - Electric Blue', 1, 6, 2, 693.62, 13),
	(18, 'Cookie Dough - Double', 3, 8, 1, 245.47, 22),
	(19, 'Wine - Barolo Fontanafredda', 3, 1, 2, 11.57, 68),
	(20, 'Snails - Large Canned', 3, 5, 1, 382.59, 57),
	(21, 'Beef Ground Medium', 2, 7, 2, 21.37, 73),
	(22, 'Potatoes - Purple, Organic', 1, 7, 2, 130.58, 22),
	(23, 'French Pastries', 1, 4, 1, 803.38, 14),
	(24, 'Beer - Maudite', 3, 4, 2, 348.02, 22),
	(25, 'Silicone Paper 16.5x24', 2, 3, 2, 550.19, 26),
	(26, 'Sauce - Oyster', 1, 7, 1, 99.72, 44),
	(27, 'Soup - Campbells Mushroom', 1, 6, 1, 374.37, 29),
	(28, 'Chef Hat 20cm', 2, 6, 1, 151.8, 99),
	(29, 'Vermacelli - Sprinkles, Assorted', 3, 7, 2, 142.71, 95),
	(30, 'Cardamon Ground', 3, 5, 2, 71.56, 5),
	(31, 'Chips Potato All Dressed - 43g', 3, 3, 2, 146.56, 51),
	(32, 'Corn Kernels - Frozen', 3, 6, 2, 18.45, 19),
	(33, 'Pepper - Chilli Seeds Mild', 1, 6, 1, 121.44, 100),
	(34, 'Wine - Cousino Macul Antiguas', 3, 1, 2, 24.76, 1),
	(35, 'Wine - Mas Chicet Rose, Vintage', 1, 3, 2, 897.19, 90),
	(36, 'Lamb - Sausage Casings', 2, 6, 1, 166.87, 1),
	(37, 'Mix - Cappucino Cocktail', 1, 7, 2, 367.34, 59),
	(38, 'Water - Green Tea Refresher', 2, 2, 2, 891.39, 73),
	(39, 'Cheese - Brie', 3, 6, 2, 609.09, 78),
	(40, 'Cheese - Manchego, Spanish', 2, 8, 1, 592.08, 55),
	(41, 'Mussels - Cultivated', 3, 5, 2, 618.87, 48),
	(42, 'Paper - Brown Paper Mini Cups', 1, 2, 2, 77.15, 38),
	(43, 'Orange - Canned, Mandarin', 2, 3, 2, 700.76, 24),
	(44, 'Lemon Pepper', 2, 1, 2, 651.54, 28),
	(45, 'Water - Tonic', 1, 3, 2, 106.13, 3),
	(46, 'Wine - Pinot Noir Pond Haddock', 3, 5, 2, 136.24, 19),
	(47, 'Tea - Jasmin Green', 3, 2, 2, 540.12, 43),
	(48, 'Sobe - Orange Carrot', 2, 5, 1, 167.27, 6),
	(49, 'Juice - V8 Splash', 3, 5, 1, 60.7, 74),
	(50, 'Dried Figs', 2, 6, 1, 458.31, 21),
	(51, 'Chips Potato Swt Chilli Sour', 2, 8, 2, 110.37, 53),
	(52, 'Bagelers - Cinn / Brown', 3, 1, 1, 134.14, 64),
	(53, 'Pasta - Gnocchi, Potato', 3, 7, 1, 622.91, 77),
	(54, 'Lobster - Tail 6 Oz', 2, 4, 2, 900.74, 91),
	(55, 'Pasta - Linguini, Dry', 1, 3, 2, 593.66, 46),
	(56, 'Nut - Pistachio, Shelled', 3, 6, 2, 576.95, 73),
	(57, 'Cheese - Swiss Sliced', 1, 3, 2, 978.55, 14),
	(58, 'Red Currants', 3, 6, 2, 99.25, 34),
	(59, 'Cheese - Wine', 1, 1, 2, 461.48, 62),
	(60, 'Grenadillo', 3, 5, 1, 566.82, 22),
	(61, 'Dill Weed - Dry', 2, 3, 1, 417.74, 7),
	(62, 'Gelatine Leaves - Bulk', 3, 2, 1, 740.93, 86),
	(63, 'Onion Powder', 1, 5, 1, 717.93, 51),
	(64, 'Bamboo Shoots - Sliced', 2, 1, 2, 7.7, 89),
	(65, 'Crab - Soft Shell', 3, 8, 2, 817.99, 69),
	(66, 'Sardines', 1, 5, 2, 183, 76),
	(67, 'Apple - Royal Gala', 2, 6, 2, 347.54, 51),
	(68, 'Tea - Decaf Lipton', 3, 5, 1, 299.54, 41),
	(69, 'Wine - Magnotta, White', 3, 2, 1, 357.23, 91),
	(70, 'Flour - Semolina', 1, 6, 2, 1.7, 27),
	(71, 'Pepper - Yellow Bell', 1, 6, 1, 876.49, 45),
	(72, 'Rabbit - Saddles', 3, 8, 1, 695.76, 41),
	(73, 'Wine - Penfolds Koonuga Hill', 2, 8, 1, 993.01, 97),
	(74, 'Okra', 2, 8, 1, 666.39, 31),
	(75, 'Pancetta', 2, 4, 1, 459.38, 55),
	(76, 'Green Tea Refresher', 2, 2, 1, 30.1, 16),
	(77, 'Pork - Back, Short Cut, Boneless', 3, 1, 2, 301.51, 60),
	(78, 'Hand Towel', 2, 4, 1, 236.13, 95),
	(79, 'Bagel - Whole White Sesame', 2, 6, 2, 718.13, 37),
	(80, 'Wine - Rosso Del Veronese Igt', 2, 2, 2, 798.66, 69),
	(81, 'Schnappes - Peach, Walkers', 2, 1, 1, 232.17, 54),
	(82, 'Sprouts - Brussel', 1, 8, 1, 539.84, 16),
	(83, 'Tomatoes - Heirloom', 3, 4, 2, 247.7, 68),
	(84, 'Sauce Bbq Smokey', 3, 8, 2, 591.68, 18),
	(85, 'Fork - Plastic', 1, 1, 1, 131.22, 41),
	(86, 'Magnotta Bel Paese Red', 1, 3, 1, 696.36, 39),
	(87, 'Broom - Corn', 2, 5, 2, 704.52, 62),
	(88, 'Veal - Leg', 2, 4, 1, 236.36, 50),
	(89, 'Gelatine Leaves - Envelopes', 2, 7, 1, 798.53, 2),
	(90, 'Rice - Basmati', 1, 3, 1, 562.56, 30),
	(91, 'Plate Foam Laminated 9in Blk', 2, 6, 1, 49.73, 24),
	(92, 'Currants', 2, 5, 2, 258.92, 95),
	(93, 'Wine - Semi Dry Riesling Vineland', 2, 8, 2, 5.56, 52),
	(94, 'Foam Espresso Cup Plain White', 2, 6, 1, 497.14, 98),
	(95, 'Meldea Green Tea Liquor', 3, 4, 2, 549.24, 42),
	(96, 'Cookies Oatmeal Raisin', 3, 5, 2, 501.88, 67),
	(97, 'Potatoes - Mini White 3 Oz', 3, 2, 2, 448.49, 1),
	(98, 'Bacardi Raspberry', 3, 3, 1, 991.14, 65),
	(99, 'Soupcontfoam16oz 116con', 2, 7, 1, 73.47, 55),
	(100, 'Fennel', 3, 1, 2, 398.6, 43),
	(101, 'Tart Shells - Sweet, 2', 2, 6, 2, 858.99, 40),
	(102, 'Fork - Plastic', 1, 3, 2, 267.52, 64),
	(103, 'Wine - George Duboeuf Rose', 2, 4, 1, 72.96, 34),
	(104, 'Pepper - Black, Crushed', 3, 5, 2, 856.56, 9),
	(105, 'Tortillas - Flour, 8', 2, 4, 2, 136.56, 47),
	(106, 'Tea - Lemon Scented', 3, 1, 2, 687.38, 49),
	(107, 'Napkin - Beverge, White 2 - Ply', 2, 2, 1, 468.09, 14),
	(108, 'Compound - Raspberry', 1, 3, 1, 602.33, 94),
	(109, 'Soup - French Can Pea', 2, 8, 1, 966.13, 44),
	(110, 'Pepper - Black, Crushed', 1, 7, 1, 801.97, 18),
	(111, 'Oil - Canola', 3, 5, 1, 562.6, 66),
	(112, 'Ice Cream - Strawberry', 3, 3, 1, 981.36, 6),
	(113, 'Vodka - Lemon, Absolut', 3, 8, 1, 536.81, 44),
	(114, 'French Pastry - Mini Chocolate', 1, 8, 2, 23.54, 86),
	(115, 'Yogurt - Assorted Pack', 3, 5, 2, 929.3, 69),
	(116, 'Bok Choy - Baby', 2, 8, 1, 748.33, 23),
	(117, 'Yoplait Drink', 1, 2, 2, 771.43, 19),
	(118, 'Cheese - Bocconcini', 2, 6, 2, 891.02, 62),
	(119, 'Wood Chips - Regular', 2, 2, 1, 804.2, 45),
	(120, 'Muffin Batt - Choc Chk', 1, 4, 1, 361.22, 91),
	(121, 'Country Roll', 3, 4, 1, 217.18, 90),
	(122, 'Butcher Twine 4r', 3, 5, 2, 376.68, 74),
	(123, 'Zucchini - Yellow', 3, 8, 2, 559.47, 57),
	(124, 'Venison - Racks Frenched', 1, 1, 1, 457.55, 81),
	(125, 'Hold Up Tool Storage Rack', 1, 6, 2, 625.62, 84),
	(126, 'Rice Wine - Aji Mirin', 2, 3, 1, 209.01, 54),
	(127, 'Cinnamon Rolls', 3, 7, 2, 669.76, 49),
	(128, 'Juice - Tomato, 48 Oz', 2, 2, 2, 891.84, 94),
	(129, 'Tomatoes - Cherry, Yellow', 2, 2, 2, 1.27, 35),
	(130, 'Godiva White Chocolate', 1, 7, 1, 487.1, 69),
	(131, 'Puree - Passion Fruit', 3, 5, 2, 768.05, 23),
	(132, 'Ecolab - Ster Bac', 2, 1, 1, 800.38, 64),
	(133, 'Cheese - Boursin, Garlic / Herbs', 3, 3, 2, 567.5, 69),
	(134, 'Wine - Soave Folonari', 1, 5, 1, 503.19, 46),
	(135, 'Sour Puss - Tangerine', 1, 1, 2, 494.03, 45),
	(136, 'Pepper - Red, Finger Hot', 1, 3, 1, 201.15, 1),
	(137, 'Cake - Cheese Cake 9 Inch', 3, 6, 1, 802.13, 25),
	(138, 'Soap - Hand Soap', 1, 5, 2, 185.71, 54),
	(139, 'Food Colouring - Green', 2, 5, 2, 396.1, 33),
	(140, 'Stock - Beef, White', 1, 2, 2, 281.17, 11),
	(141, 'Jam - Blackberry, 20 Ml Jar', 1, 1, 2, 265.17, 10),
	(142, 'Towel - Roll White', 3, 3, 1, 484.13, 59),
	(143, 'Bouq All Italian - Primerba', 3, 5, 1, 156.95, 18),
	(144, 'Wine - Cotes Du Rhone Parallele', 2, 6, 2, 623.85, 12),
	(145, 'Juice - Apple, 1.36l', 1, 5, 2, 46.17, 31),
	(146, 'Containter - 3oz Microwave Rect.', 3, 3, 2, 464.17, 23),
	(147, 'Steel Wool S.o.s', 3, 7, 2, 647.4, 42),
	(148, 'Nectarines', 1, 8, 1, 312.33, 78),
	(149, 'Wine - Red, Black Opal Shiraz', 3, 7, 2, 22.58, 35),
	(150, 'Ocean Spray - Kiwi Strawberry', 1, 4, 2, 34.01, 11),
	(151, 'Carrots - Purple, Organic', 3, 1, 1, 236.59, 28),
	(152, 'Cleaner - Lime Away', 2, 7, 2, 215.34, 32),
	(153, 'Wine - Rosso Toscano Igt', 1, 2, 2, 974.88, 77),
	(154, 'Carbonated Water - Orange', 2, 8, 2, 570.13, 55),
	(155, 'Ham - Cooked Bayonne Tinned', 1, 8, 2, 836.09, 38),
	(156, 'Mustard - Individual Pkg', 1, 3, 1, 156.57, 14),
	(157, 'Black Currants', 2, 8, 2, 423.86, 72),
	(158, 'Butter - Salted', 3, 7, 1, 874.45, 73),
	(159, 'Bread - White, Unsliced', 2, 3, 2, 640.3, 23),
	(160, 'Tarts Assorted', 3, 2, 1, 385.96, 47),
	(161, 'Mustard Prepared', 1, 8, 1, 978.53, 61),
	(162, 'Wine - Fat Bastard Merlot', 1, 3, 2, 844.36, 4),
	(163, 'Scampi Tail', 3, 7, 2, 592.15, 54),
	(164, 'Tea - Apple Green Tea', 2, 5, 2, 326.7, 10),
	(165, 'Wine - Zinfandel Rosenblum', 2, 8, 2, 464.94, 22),
	(166, 'Chips - Assorted', 3, 5, 1, 881.15, 45),
	(167, 'Transfer Sheets', 2, 2, 1, 40.44, 58),
	(168, 'Cookies Cereal Nut', 3, 5, 1, 246.55, 33),
	(169, 'Foil - 4oz Custard Cup', 2, 3, 2, 108.15, 64),
	(170, 'Chocolate Bar - Reese Pieces', 1, 8, 1, 957.68, 63),
	(171, 'Steampan Lid', 2, 8, 2, 598.96, 37),
	(172, 'Mussels - Frozen', 1, 1, 1, 277.71, 62),
	(173, 'Soup Campbells Mexicali Tortilla', 3, 2, 1, 864.76, 50),
	(174, 'Wine - Malbec Trapiche Reserve', 3, 3, 2, 96.92, 47),
	(175, 'Nut - Chestnuts, Whole', 2, 1, 1, 935.65, 63),
	(176, 'Basil - Seedlings Cookstown', 1, 8, 2, 708.11, 9),
	(177, 'The Pop Shoppe - Root Beer', 3, 6, 1, 13.63, 26),
	(178, 'Wine - Red, Metus Rose', 1, 1, 1, 807.84, 80),
	(179, 'Potatoes - Idaho 100 Count', 1, 3, 1, 306.4, 65),
	(180, 'Chocolate Liqueur - Godet White', 2, 8, 2, 770.86, 62),
	(181, 'Pasta - Penne, Rigate, Dry', 2, 8, 2, 66.21, 98),
	(182, 'Wine - Alsace Riesling Reserve', 1, 8, 2, 402.27, 69),
	(183, 'Nut - Pumpkin Seeds', 1, 7, 2, 328.57, 96),
	(184, 'Soup - Knorr, Classic Can. Chili', 3, 8, 1, 969.89, 64),
	(185, 'Creme De Cacao White', 3, 8, 1, 185.19, 65),
	(186, 'Cake - French Pear Tart', 1, 8, 2, 1.97, 37),
	(187, 'Shrimp - Tiger 21/25', 1, 7, 2, 896.33, 28),
	(188, 'Radish - Pickled', 1, 7, 1, 42.65, 14),
	(189, 'Cloves - Ground', 1, 6, 2, 523.73, 37),
	(190, 'Straws - Cocktale', 1, 1, 2, 940.3, 31),
	(191, 'Foam Dinner Plate', 3, 7, 1, 948.41, 61),
	(192, 'Wine - Zinfandel Rosenblum', 3, 1, 2, 345.79, 82),
	(193, 'Pepper - Red Bell', 1, 3, 1, 102.44, 26),
	(194, 'Kippers - Smoked', 1, 8, 1, 769.82, 27),
	(195, 'Cheese - Sheep Milk', 1, 7, 1, 388.23, 10),
	(196, 'Smoked Tongue', 2, 8, 1, 283.77, 82),
	(197, 'Sausage - Meat', 2, 8, 1, 56.37, 18),
	(198, 'Figs', 2, 2, 2, 613.87, 93),
	(199, 'Samosa - Veg', 3, 6, 2, 644.06, 7),
	(200, 'Miso - Soy Bean Paste', 1, 6, 2, 799.2, 66),
	(201, 'Sobe - Berry Energy', 2, 7, 1, 26.52, 8),
	(202, 'Wine - Carmenere Casillero Del', 1, 1, 2, 673.99, 82),
	(203, 'Pork - Belly Fresh', 1, 5, 1, 831.01, 87),
	(204, 'Soho Lychee Liqueur', 3, 3, 2, 678.26, 18),
	(205, 'Chocolate - Compound Coating', 2, 2, 1, 75.88, 10),
	(206, 'Chocolate Bar - Reese Pieces', 3, 2, 1, 15.34, 91),
	(207, 'Lamb - Whole Head Off', 1, 1, 2, 403.03, 58),
	(208, 'Yokaline', 2, 5, 1, 297.54, 22),
	(209, 'Anisette - Mcguiness', 2, 5, 1, 8.37, 52),
	(210, 'Beef - Tender Tips', 2, 5, 2, 62.23, 5),
	(211, 'Beef - Tenderloin', 3, 3, 2, 530.75, 34),
	(212, 'Rolled Oats', 1, 7, 1, 459.79, 50),
	(213, 'Broom And Brush Rack Black', 1, 2, 1, 44.88, 80),
	(214, 'Doilies - 8, Paper', 3, 1, 1, 345.2, 99),
	(215, 'Wasabi Paste', 3, 1, 2, 483.16, 25),
	(216, 'Roe - Lump Fish, Black', 3, 7, 2, 594.62, 72),
	(217, 'Ginger - Pickled', 2, 5, 2, 18.47, 51),
	(218, 'Pineapple - Regular', 1, 4, 1, 954.28, 69),
	(219, 'Milk - 2% 250 Ml', 1, 6, 2, 754.97, 16),
	(220, 'Soup V8 Roasted Red Pepper', 1, 6, 2, 589.05, 35),
	(221, 'Tomato - Peeled Italian Canned', 2, 6, 1, 1.9, 37),
	(222, 'Longos - Burritos', 3, 7, 2, 529.26, 64),
	(223, 'Cookie - Oreo 100x2', 2, 2, 1, 613.26, 24),
	(224, 'Coffee Decaf Colombian', 2, 8, 1, 347.26, 36),
	(225, 'Crackers - Soda / Saltins', 3, 4, 2, 563.03, 3),
	(226, 'Pork - Smoked Back Bacon', 2, 5, 2, 288.41, 43),
	(227, 'Seedlings - Mix, Organic', 2, 4, 2, 134.75, 7),
	(228, 'Buffalo - Striploin', 2, 6, 2, 101.45, 53),
	(229, 'Butter - Unsalted', 3, 7, 1, 940.68, 79),
	(230, 'Cape Capensis - Fillet', 1, 3, 2, 576.28, 98),
	(231, 'French Pastry - Mini Chocolate', 3, 5, 2, 582.15, 16),
	(232, 'Mop Head - Cotton, 24 Oz', 1, 8, 2, 211.65, 34),
	(233, 'Kiwano', 1, 3, 1, 196.4, 54),
	(234, 'Fib N9 - Prague Powder', 2, 7, 1, 182.16, 1),
	(235, 'Appetizer - Mushroom Tart', 2, 1, 1, 527.06, 19),
	(236, 'Tea - Green', 2, 2, 1, 456.89, 63),
	(237, 'Kohlrabi', 3, 4, 1, 979.57, 27),
	(238, 'Cheese Cloth', 2, 7, 1, 132.77, 16),
	(239, 'Longos - Grilled Salmon With Bbq', 1, 1, 1, 462.4, 69),
	(240, 'Eggplant Italian', 1, 8, 1, 951.69, 96),
	(241, 'Scampi Tail', 3, 4, 2, 47.42, 65),
	(242, 'Plasticspoonblack', 3, 2, 2, 187.63, 76),
	(243, 'Flour - Bread', 1, 5, 2, 419.41, 100),
	(244, 'Rosemary - Dry', 1, 6, 1, 158.31, 12),
	(245, 'Mcguinness - Blue Curacao', 1, 8, 1, 190.97, 33),
	(246, 'Brocolinni - Gaylan, Chinese', 2, 5, 1, 140.19, 34),
	(247, 'Bag Clear 10 Lb', 1, 5, 2, 583.44, 49),
	(248, 'Lid - 0090 Clear', 2, 7, 2, 168.93, 84),
	(249, 'Nori Sea Weed - Gold Label', 3, 1, 2, 794.24, 19),
	(250, 'Soup - Beef Conomme, Dry', 2, 6, 1, 518.72, 26),
	(251, 'Beef - Inside Round', 2, 8, 1, 668.91, 92),
	(252, 'Mace', 3, 4, 1, 506.45, 65),
	(253, 'Mop Head - Cotton, 24 Oz', 3, 2, 2, 812.29, 52),
	(254, 'Ham - Virginia', 1, 5, 1, 756.94, 76),
	(255, 'Tomato - Tricolor Cherry', 2, 8, 1, 413.57, 87),
	(256, 'Wine - Casablanca Valley', 2, 2, 1, 344.74, 39),
	(257, 'Long Island Ice Tea', 1, 7, 2, 833.33, 64),
	(258, 'Coffee - Cafe Moreno', 1, 3, 1, 76.78, 57),
	(259, 'Pepperoni Slices', 1, 8, 1, 590.02, 17),
	(260, 'Turnip - White', 2, 6, 2, 426.33, 18),
	(261, 'Spinach - Packaged', 1, 7, 1, 424.98, 28),
	(262, 'Sugar - Individual Portions', 2, 3, 1, 245.04, 17),
	(263, 'Sugar - Splenda Sweetener', 1, 2, 2, 735.56, 7),
	(264, 'Bread - 10 Grain Parisian', 3, 3, 1, 671.25, 82),
	(265, 'Oranges', 1, 8, 1, 140.74, 2),
	(266, 'Soup - Campbells, Chix Gumbo', 1, 5, 2, 636.05, 35),
	(267, 'Extract - Lemon', 2, 5, 2, 432.58, 22),
	(268, 'Shrimp - Black Tiger 26/30', 2, 4, 2, 507.52, 24),
	(269, 'Salt And Pepper Mix - Black', 1, 6, 2, 727.5, 53),
	(270, 'Jicama', 3, 8, 2, 169.85, 29),
	(271, 'Cookie Chocolate Chip With', 2, 3, 1, 504.4, 61),
	(272, 'Thyme - Fresh', 3, 3, 1, 22.76, 74),
	(273, 'Wine - Sherry Dry Sack, William', 3, 3, 2, 211.94, 49),
	(274, 'Extract - Lemon', 2, 5, 2, 798.75, 20),
	(275, 'Wine - Blue Nun Qualitatswein', 3, 7, 2, 600.73, 36),
	(276, 'Muffin Mix - Corn Harvest', 1, 4, 2, 230.97, 41),
	(277, 'Chambord Royal', 3, 6, 2, 515.44, 19),
	(278, 'Tea - Grapefruit Green Tea', 2, 1, 1, 47.61, 65),
	(279, 'Syrup - Monin, Swiss Choclate', 2, 8, 1, 887.94, 88),
	(280, 'Chinese Foods - Chicken', 3, 1, 2, 396.74, 76),
	(281, 'Ecolab - Solid Fusion', 1, 6, 1, 785.19, 95),
	(282, 'Cookies - Oreo, 4 Pack', 1, 5, 2, 272.21, 73),
	(283, 'Bread - Crumbs, Bulk', 1, 2, 2, 830.21, 22),
	(284, 'Vinegar - Rice', 1, 2, 2, 527, 73),
	(285, 'Chicken - Whole Fryers', 1, 5, 2, 778.09, 73),
	(286, 'Wine - Red, Cooking', 1, 2, 1, 908.85, 78),
	(287, 'Apples - Spartan', 3, 5, 1, 789.05, 63),
	(288, 'Grapes - Green', 3, 3, 1, 187.66, 30),
	(289, 'Longan', 1, 1, 2, 28.2, 81),
	(290, 'Pork - Butt, Boneless', 2, 1, 1, 822.44, 73),
	(291, 'Soup - Knorr, Ministrone', 3, 5, 1, 158.65, 94),
	(292, 'Soup - Campbells Chicken', 2, 8, 2, 962.24, 52),
	(293, 'Vodka - Lemon, Absolut', 2, 4, 1, 725.85, 100),
	(294, 'Rabbit - Whole', 2, 6, 2, 45.41, 19),
	(295, 'Lemonade - Island Tea, 591 Ml', 1, 2, 1, 124.72, 50),
	(296, 'Lamb - Leg, Bone In', 3, 1, 2, 632.37, 4),
	(297, 'Milk 2% 500 Ml', 1, 2, 2, 840.11, 1),
	(298, 'Napkin - Dinner, White', 1, 3, 1, 731.62, 44),
	(299, 'Praline Paste', 3, 7, 2, 742.75, 94),
	(300, 'Rabbit - Whole', 2, 4, 2, 552.06, 65),
	(301, 'Flour - Rye', 1, 4, 2, 790.28, 2),
	(302, 'Cheese - Mozzarella, Shredded', 3, 3, 1, 62.07, 66),
	(303, 'Carbonated Water - Strawberry', 2, 8, 1, 891.51, 23),
	(304, 'Island Oasis - Ice Cream Mix', 1, 7, 2, 339.95, 74),
	(305, 'Mace', 2, 1, 1, 169.1, 49),
	(306, 'Tea Leaves - Oolong', 2, 5, 2, 538.12, 39),
	(307, 'Tart Shells - Savory, 3', 1, 5, 1, 600.88, 55),
	(308, 'Coffee - Beans, Whole', 1, 1, 1, 48, 16),
	(309, 'Nantucket - Carrot Orange', 3, 6, 2, 178.84, 61),
	(310, 'Beer - Sleemans Honey Brown', 1, 7, 1, 456.65, 70),
	(311, 'Broom And Brush Rack Black', 2, 2, 1, 992.66, 19),
	(312, 'Shrimp - Tiger 21/25', 2, 1, 1, 503.54, 61),
	(313, 'Coffee - Irish Cream', 1, 4, 2, 668.9, 34),
	(314, 'Ecolab Digiclean Mild Fm', 2, 5, 2, 350.73, 35),
	(315, 'Wine - Red, Gamay Noir', 3, 2, 1, 509.72, 47),
	(316, 'Trueblue - Blueberry Cranberry', 3, 7, 1, 983.07, 9),
	(317, 'Chocolate - Dark Callets', 1, 7, 2, 625.65, 62),
	(318, 'Bread - Calabrese Baguette', 3, 3, 1, 199.25, 92),
	(319, 'Gelatine Powder', 2, 3, 2, 497.92, 25),
	(320, 'Silicone Parch. 16.3x24.3', 2, 3, 1, 788.4, 98),
	(321, 'Flour - Bran, Red', 3, 4, 2, 729.65, 50),
	(322, 'Pants Custom Dry Clean', 3, 3, 1, 16.17, 45),
	(323, 'Muffin - Mix - Creme Brule 15l', 3, 3, 2, 455.91, 43),
	(324, 'Bread - White, Sliced', 3, 8, 2, 304.14, 57),
	(325, 'Bread Foccacia Whole', 3, 3, 1, 79.27, 78),
	(326, 'Beer - Molson Excel', 3, 1, 2, 329.16, 39),
	(327, 'Beans - Black Bean, Preserved', 2, 4, 1, 436.73, 5),
	(328, 'Potato - Sweet', 3, 7, 1, 516.8, 90),
	(329, 'Truffle Cups - Red', 1, 2, 1, 158.85, 36),
	(330, 'Wine - Guy Sage Touraine', 3, 4, 1, 78.64, 80),
	(331, 'Beef - Tenderlion, Center Cut', 1, 7, 2, 743.6, 61),
	(332, 'Chips Potato All Dressed - 43g', 1, 5, 2, 934.93, 34),
	(333, 'Hummus - Spread', 1, 7, 1, 524.74, 6),
	(334, 'Longos - Cheese Tortellini', 3, 3, 1, 961.28, 66),
	(335, 'Oil - Avocado', 3, 3, 1, 517.29, 42),
	(336, 'Sauerkraut', 1, 3, 2, 473.4, 95),
	(337, 'Curry Paste - Green Masala', 2, 4, 2, 974.43, 46),
	(338, 'Cup - Paper 10oz 92959', 1, 1, 1, 51.63, 71),
	(339, 'Sauce Bbq Smokey', 1, 2, 1, 359.06, 46),
	(340, 'Pasta - Canelloni, Single Serve', 1, 4, 1, 848.89, 29),
	(341, 'Mini - Vol Au Vents', 1, 2, 1, 560.81, 99),
	(342, 'Table Cloth 62x114 White', 1, 5, 2, 271.44, 55),
	(343, 'Eggroll', 2, 2, 2, 102.24, 59),
	(344, 'Wine - Piper Heidsieck Brut', 3, 1, 2, 464.06, 42),
	(345, 'Soup Campbells Mexicali Tortilla', 1, 1, 2, 856.48, 27),
	(346, 'The Pop Shoppe - Black Cherry', 3, 4, 2, 174.94, 84),
	(347, 'Napkin White', 1, 5, 2, 56.22, 92),
	(348, 'Pasta - Penne, Lisce, Dry', 2, 6, 1, 928.83, 69),
	(349, 'Ginger - Crystalized', 1, 2, 1, 49.76, 51),
	(350, 'Butter - Salted, Micro', 2, 2, 1, 84.24, 67),
	(351, 'Table Cloth 53x69 White', 3, 7, 2, 935.32, 25),
	(352, 'Veal - Liver', 1, 7, 1, 38.84, 87),
	(353, 'Petit Baguette', 3, 5, 2, 67.4, 1),
	(354, 'Beef - Roasted, Cooked', 1, 7, 2, 775.52, 28),
	(355, 'Squash - Pattypan, Yellow', 1, 6, 1, 950.1, 30),
	(356, 'Towel Multifold', 3, 6, 2, 780.83, 98),
	(357, 'Monkfish Fresh - Skin Off', 2, 7, 1, 87.21, 18),
	(358, 'Chocolate - Compound Coating', 1, 4, 2, 39.99, 26),
	(359, 'Cheese - Shred Cheddar / Mozza', 2, 7, 1, 987.25, 20),
	(360, 'Duck - Whole', 3, 1, 2, 772.39, 51),
	(361, 'Turnip - White, Organic', 2, 2, 1, 147.51, 34),
	(362, 'Wine - Ice Wine', 2, 5, 1, 94.43, 67),
	(363, 'Soup - Campbells, Butternut', 3, 4, 2, 747.84, 48),
	(364, 'Sobe - Liz Blizz', 1, 7, 2, 775.98, 79),
	(365, 'Oil - Macadamia', 2, 7, 2, 662.47, 2),
	(366, 'Appetizer - Crab And Brie', 1, 2, 2, 128.35, 7),
	(367, 'Wine - Pinot Grigio Collavini', 1, 2, 1, 368.21, 11),
	(368, 'Carbonated Water - Blackcherry', 2, 8, 2, 888.12, 18),
	(369, 'Pork - Bacon Cooked Slcd', 1, 3, 1, 844.67, 80),
	(370, 'Cinnamon - Ground', 1, 6, 1, 632.14, 97),
	(371, 'Orange Roughy 6/8 Oz', 3, 4, 2, 383.79, 31),
	(372, 'Chicken - Ground', 3, 7, 1, 258.67, 76),
	(373, 'Oven Mitts 17 Inch', 1, 6, 1, 832.59, 60),
	(374, 'Sage - Ground', 2, 4, 1, 741.81, 84),
	(375, 'Sauce - Oyster', 3, 7, 1, 368.18, 36),
	(376, 'Table Cloth 53x53 White', 3, 8, 2, 696.13, 48),
	(377, 'Coriander - Seed', 2, 1, 2, 679.6, 81),
	(378, 'Wine - Prem Select Charddonany', 2, 8, 1, 424.04, 23),
	(379, 'Wine - White, Mosel Gold', 2, 8, 1, 151.46, 15),
	(380, 'Cheese - Mozzarella, Shredded', 1, 6, 2, 685.82, 77),
	(381, 'Syrup - Golden, Lyles', 3, 3, 1, 447.11, 45),
	(382, 'Soup - Knorr, Veg / Beef', 3, 5, 1, 3.29, 63),
	(383, 'Pickerel - Fillets', 3, 8, 1, 34.52, 4),
	(384, 'Wine - Crozes Hermitage E.', 3, 8, 1, 447.66, 72),
	(385, 'Filter - Coffee', 2, 3, 2, 292.94, 63),
	(386, 'Tomato Puree', 2, 6, 2, 358.53, 1),
	(387, 'Table Cloth 144x90 White', 1, 3, 2, 366.85, 79),
	(388, 'Beef - Bresaola', 1, 6, 1, 395.41, 3),
	(389, 'Vegetable - Base', 2, 8, 2, 313.3, 100),
	(390, 'Salmon - Atlantic, Skin On', 1, 2, 2, 18.18, 63),
	(391, 'Mcgillicuddy Vanilla Schnap', 3, 7, 2, 963.75, 59),
	(392, 'Chocolate Bar - Coffee Crisp', 1, 2, 1, 738.81, 38),
	(393, 'Crackers - Graham', 1, 3, 2, 207.14, 77),
	(394, 'Juice - Apple Cider', 3, 8, 2, 563.65, 30),
	(395, 'Versatainer Nc - 9388', 2, 2, 2, 215.21, 46),
	(396, 'Beef - Kindney, Whole', 1, 7, 1, 878.87, 47),
	(397, 'Sauce - Soya, Dark', 1, 1, 2, 531.81, 17),
	(398, 'Water - Perrier', 1, 2, 2, 8.76, 78),
	(399, 'Fondant - Icing', 3, 6, 1, 82.38, 77),
	(400, 'Wiberg Cure', 3, 7, 1, 783.21, 18),
	(401, 'Wine - Periguita Fonseca', 2, 5, 1, 582.73, 75),
	(402, 'Apple - Delicious, Red', 1, 1, 1, 788.93, 86),
	(403, 'Soup - Campbells, Minestrone', 3, 2, 1, 469.47, 71),
	(404, 'Sugar - Icing', 1, 7, 1, 339.84, 52),
	(405, 'Pepper - Orange', 3, 3, 1, 456.31, 60),
	(406, 'Butter Sweet', 2, 1, 1, 570.14, 89),
	(407, 'Cheese - Colby', 2, 4, 1, 596.03, 4),
	(408, 'Canadian Emmenthal', 3, 6, 1, 858.64, 75),
	(409, 'Squeeze Bottle', 1, 1, 1, 323.1, 30),
	(410, 'Vinegar - Balsamic', 2, 5, 2, 229.39, 37),
	(411, 'Worcestershire Sauce', 1, 1, 1, 250.07, 16),
	(412, 'Sherbet - Raspberry', 2, 1, 1, 876.09, 88),
	(413, 'Broom - Corn', 3, 6, 1, 980, 51),
	(414, 'Cocoa Powder - Natural', 1, 1, 1, 188.76, 100),
	(415, 'Lettuce - Romaine', 2, 8, 1, 700.24, 83),
	(416, 'Wine - Magnotta - Cab Sauv', 1, 1, 1, 412.06, 76),
	(417, 'Wine - Magnotta, White', 2, 3, 1, 513.98, 18),
	(418, 'Beef - Rib Eye Aaa', 2, 8, 2, 421.33, 24),
	(419, 'Coffee - Decafenated', 1, 6, 2, 740.95, 34),
	(420, 'Cake Circle, Paprus', 1, 4, 2, 925.64, 21),
	(421, 'Beef Striploin Aaa', 3, 2, 2, 97.6, 97),
	(422, 'Soup - Beef, Base Mix', 2, 1, 2, 205.23, 80),
	(423, 'Cheese - Comtomme', 1, 8, 1, 62.58, 19),
	(424, 'Bread - Mini Hamburger Bun', 1, 7, 1, 244.46, 83),
	(425, 'Cookie Dough - Peanut Butter', 2, 2, 1, 535.39, 42),
	(426, 'Olives - Green, Pitted', 1, 8, 2, 4.18, 13),
	(427, 'Appetizer - Mushroom Tart', 3, 7, 2, 114.4, 40),
	(428, 'Pork - Backs - Boneless', 3, 3, 1, 629.48, 39),
	(429, 'Juice - Orange, 341 Ml', 1, 2, 2, 839.45, 22),
	(430, 'Wine - Conde De Valdemar', 1, 3, 1, 309.59, 67),
	(431, 'Veal - Striploin', 3, 6, 1, 130.31, 59),
	(432, 'Syrup - Golden, Lyles', 3, 4, 2, 877.03, 7),
	(433, 'Cheese - Cheddarsliced', 2, 1, 2, 470.99, 95),
	(434, 'Mackerel Whole Fresh', 2, 2, 1, 695.77, 51),
	(435, 'Oil - Truffle, White', 2, 6, 2, 526.42, 11),
	(436, 'Baking Soda', 1, 2, 2, 773.07, 17),
	(437, 'Sugar - Icing', 2, 1, 2, 651.98, 35),
	(438, 'Nut - Peanut, Roasted', 1, 3, 2, 615.1, 33),
	(439, 'Wine - Spumante Bambino White', 1, 4, 1, 863.56, 17),
	(440, 'Latex Rubber Gloves Size 9', 3, 2, 2, 507.21, 9),
	(441, 'Potatoes - Idaho 80 Count', 2, 2, 1, 563.61, 47),
	(442, 'Ginger - Pickled', 1, 6, 1, 703.59, 69),
	(443, 'Beef - Salted', 1, 4, 2, 465.72, 43),
	(444, 'Saskatoon Berries - Frozen', 1, 4, 2, 415.35, 48),
	(445, 'Puree - Guava', 2, 2, 2, 234.91, 61),
	(446, 'Shrimp - 31/40', 1, 4, 2, 735.45, 89),
	(447, 'Pepper - Cubanelle', 2, 1, 1, 780.24, 83),
	(448, 'Puree - Blackcurrant', 3, 2, 2, 310.81, 58),
	(449, 'Bread - Pain Au Liat X12', 2, 5, 1, 466.25, 62),
	(450, 'Tequila Rose Cream Liquor', 3, 4, 2, 644.15, 10),
	(451, 'Olives - Green, Pitted', 2, 6, 2, 553.63, 47),
	(452, 'Snails - Large Canned', 2, 2, 1, 511.81, 81),
	(453, 'Irish Cream - Baileys', 1, 2, 1, 764.29, 83),
	(454, 'Pork - Loin, Bone - In', 3, 3, 2, 267.95, 52),
	(455, 'Foam Cup 6 Oz', 3, 3, 1, 324.48, 89),
	(456, 'Aspic - Amber', 1, 6, 2, 587.29, 48),
	(457, 'Soup - Base Broth Beef', 3, 3, 2, 507.77, 67),
	(458, 'Ecolab - Medallion', 1, 3, 2, 698.84, 37),
	(459, 'Cabbage - Savoy', 3, 1, 1, 358.1, 50),
	(460, 'Buttons', 1, 5, 1, 570.66, 93),
	(461, 'Soup - Campbells Mushroom', 3, 2, 2, 790.49, 47),
	(462, 'Ecolab - Medallion', 3, 8, 1, 765.41, 51),
	(463, 'Wine - Winzer Krems Gruner', 3, 2, 2, 826.2, 79),
	(464, 'Bread - Pain Au Liat X12', 3, 5, 1, 28, 73),
	(465, 'Wine - German Riesling', 2, 5, 2, 564.4, 99),
	(466, 'Wine - Mondavi Coastal Private', 1, 6, 1, 502.25, 5),
	(467, 'Mushroom - Lg - Cello', 3, 6, 2, 399.08, 1),
	(468, 'Wine - Magnotta - Bel Paese White', 1, 2, 1, 258.87, 30),
	(469, 'Coffee Cup 16oz Foam', 1, 1, 2, 231.76, 74),
	(470, 'Cheese - Bocconcini', 3, 2, 2, 322.52, 78),
	(471, 'Ice Cream - Chocolate', 3, 1, 1, 451.15, 49),
	(472, 'Cinnamon Buns Sticky', 1, 8, 2, 259.18, 9),
	(473, 'Squid U5 - Thailand', 1, 1, 1, 29.27, 25),
	(474, 'Longos - Greek Salad', 3, 3, 1, 146.55, 39),
	(475, 'Hot Choc Vending', 2, 8, 2, 724.18, 61),
	(476, 'Bread - Pumpernickel', 1, 8, 1, 233.49, 64),
	(477, 'Radish - Pickled', 3, 3, 1, 724.38, 8),
	(478, 'Paper Cocktail Umberlla 80 - 180', 1, 4, 1, 51.92, 12),
	(479, 'Wine - Masi Valpolocell', 3, 8, 1, 690.84, 65),
	(480, 'Bread - Frozen Basket Variety', 3, 1, 2, 745.07, 38),
	(481, 'Dill Weed - Dry', 3, 5, 1, 756.41, 31),
	(482, 'Wine - Magnotta - Cab Franc', 1, 6, 2, 698.66, 28),
	(483, 'Curry Powder', 2, 5, 1, 838.27, 84),
	(484, 'Veal - Insides, Grains', 3, 7, 1, 467.47, 11),
	(485, 'Yokaline', 2, 8, 1, 395.71, 49),
	(486, 'Cucumber - English', 1, 7, 1, 185.77, 64),
	(487, 'Mcguinness - Blue Curacao', 1, 7, 2, 247.01, 56),
	(488, 'Chervil - Fresh', 2, 6, 1, 200.74, 91),
	(489, 'Glycerine', 2, 6, 2, 113.41, 2),
	(490, 'Cleaner - Bleach', 1, 7, 2, 715.52, 23),
	(491, 'Plasticforkblack', 1, 5, 2, 13.63, 36),
	(492, 'Breadfruit', 3, 5, 2, 842.33, 5),
	(493, 'Basil - Fresh', 2, 2, 1, 430.98, 38),
	(494, 'Apricots - Dried', 2, 8, 1, 245.99, 59),
	(495, 'Juice - Cranberry 284ml', 2, 5, 2, 248.52, 68),
	(496, 'Beef - Shank', 3, 6, 1, 2.18, 68),
	(497, 'Curry Powder', 2, 8, 1, 441.25, 7),
	(498, 'Cheese - Mozzarella, Buffalo', 1, 7, 2, 934.73, 34),
	(499, 'Triple Sec - Mcguinness', 1, 6, 2, 922.09, 35),
	(500, 'Water - Mineral, Carbonated', 2, 8, 1, 382.72, 57),
	(501, 'Soup - Campbells Broccoli', 3, 4, 2, 909.51, 67),
	(502, 'Pate - Peppercorn', 1, 8, 1, 266.67, 12),
	(503, 'Bread - Bagels, Plain', 3, 2, 2, 726.48, 65),
	(504, 'Pasta - Gnocchi, Potato', 1, 5, 1, 738.46, 69),
	(505, 'Tart Shells - Sweet, 2', 1, 6, 1, 468.56, 58),
	(506, 'Glaze - Clear', 1, 3, 1, 984.05, 62),
	(507, 'Dried Cherries', 2, 6, 2, 768.8, 22),
	(508, 'Sugar - Crumb', 1, 4, 2, 714.79, 15),
	(509, 'Beets', 3, 3, 1, 636.41, 41),
	(510, 'Pastry - French Mini Assorted', 2, 5, 2, 251.72, 8),
	(511, 'Pastry - Banana Muffin - Mini', 1, 7, 1, 290.69, 85),
	(512, 'Bread - Granary Small Pull', 1, 4, 1, 54.27, 52),
	(513, 'Bread Sour Rolls', 1, 7, 2, 313.28, 57),
	(514, 'Sprite - 355 Ml', 1, 5, 2, 874.9, 97),
	(515, 'Chocolate Liqueur - Godet White', 1, 7, 2, 833.92, 59),
	(516, 'Cookies - Assorted', 3, 2, 1, 108.74, 10),
	(517, 'Muffin Orange Individual', 1, 6, 1, 319.69, 100),
	(518, 'Pasta - Tortellini, Fresh', 2, 3, 1, 879.09, 91),
	(519, 'Pepper - Red, Finger Hot', 3, 1, 1, 804.42, 48),
	(520, 'Pork - Kidney', 3, 6, 2, 547.29, 75),
	(521, 'Cheese - Goat With Herbs', 1, 8, 2, 386.43, 26),
	(522, 'Petite Baguette', 3, 4, 1, 330.41, 80),
	(523, 'Island Oasis - Raspberry', 2, 8, 2, 185.66, 98),
	(524, 'Veal - Liver', 1, 2, 2, 849.87, 14),
	(525, 'Mushroom - Porcini, Dry', 3, 2, 1, 392.45, 62),
	(526, 'Coffee - Colombian, Portioned', 2, 1, 2, 997.47, 68),
	(527, 'Glove - Cutting', 1, 3, 1, 867.55, 39),
	(528, 'Bagel - 12 Grain Preslice', 3, 1, 2, 546.03, 55),
	(529, 'Pasta - Penne Primavera, Single', 1, 5, 2, 592.77, 87),
	(530, 'Wine - Niagara,vqa Reisling', 2, 6, 2, 692.92, 42),
	(531, 'Wine - Magnotta - Belpaese', 3, 4, 1, 171.68, 12),
	(532, 'Kale - Red', 3, 4, 2, 473.83, 31),
	(533, 'Seabream Whole Farmed', 3, 5, 1, 776.15, 57),
	(534, 'Cheese - Bakers Cream Cheese', 1, 3, 1, 412.5, 75),
	(535, 'Cheese - Taleggio D.o.p.', 1, 1, 2, 573.09, 35),
	(536, 'Beef Dry Aged Tenderloin Aaa', 3, 1, 2, 353.41, 89),
	(537, 'Wine - Duboeuf Beaujolais', 2, 2, 1, 990.11, 84),
	(538, 'Ice Cream - Life Savers', 3, 7, 2, 210.15, 92),
	(539, 'Fish - Soup Base, Bouillon', 1, 4, 2, 134.76, 76),
	(540, 'Wine - Sicilia Igt Nero Avola', 2, 5, 2, 270.83, 37),
	(541, 'Soup - Cream Of Potato / Leek', 3, 5, 1, 238.78, 86),
	(542, 'Wine - Ruffino Chianti', 2, 3, 2, 952.87, 74),
	(543, 'Yogurt - Strawberry, 175 Gr', 1, 1, 1, 991.81, 22),
	(544, 'Lemons', 3, 5, 1, 428.12, 61),
	(545, 'Bread - Crumbs, Bulk', 3, 1, 2, 641.45, 7),
	(546, 'Cookie Dough - Oatmeal Rasin', 1, 5, 1, 290.69, 74),
	(547, 'Wine - Red, Mouton Cadet', 3, 4, 1, 744.21, 10),
	(548, 'Bread - Bistro White', 2, 8, 2, 409.94, 12),
	(549, 'Buttons', 3, 7, 1, 847.4, 20),
	(550, 'Wine - Zinfandel California 2002', 1, 7, 2, 692.71, 57),
	(551, 'Longan', 2, 6, 1, 289.07, 48),
	(552, 'Pork - Back, Short Cut, Boneless', 2, 6, 1, 979.41, 1),
	(553, 'Sauce - White, Mix', 1, 3, 1, 464.26, 82),
	(554, 'Watercress', 2, 5, 2, 359.17, 33),
	(555, 'Soup - Campbells Beef Strogonoff', 1, 4, 2, 625.06, 13),
	(556, 'Beans - French', 1, 3, 1, 256.19, 68),
	(557, 'Ice Cream Bar - Oreo Cone', 1, 1, 1, 750.4, 7),
	(558, 'Laundry - Bag Cloth', 2, 8, 1, 277.95, 8),
	(559, 'Juice - Ocean Spray Kiwi', 1, 3, 2, 399.76, 46),
	(560, 'Silicone Parch. 16.3x24.3', 3, 3, 2, 145.5, 51),
	(561, 'Oven Mitt - 13 Inch', 2, 1, 2, 677.05, 81),
	(562, 'Nut - Almond, Blanched, Sliced', 1, 2, 1, 125.16, 13),
	(563, 'Liqueur Banana, Ramazzotti', 3, 7, 1, 32.6, 100),
	(564, 'Longan', 2, 4, 2, 97.82, 81),
	(565, 'Pork Loin Bine - In Frenched', 1, 4, 1, 848.28, 57),
	(566, 'Dish Towel', 2, 8, 1, 795.52, 30),
	(567, 'Yogurt - Peach, 175 Gr', 2, 8, 2, 919.5, 25),
	(568, 'Wine - Prosecco Valdobienne', 1, 1, 2, 385.39, 43),
	(569, 'Basil - Primerba, Paste', 2, 8, 1, 62.77, 42),
	(570, 'Bread - Dark Rye, Loaf', 3, 8, 1, 927.8, 10),
	(571, 'Mushrooms - Honey', 1, 3, 1, 284.38, 71),
	(572, 'Nectarines', 1, 7, 1, 165.19, 47),
	(573, 'Turnip - Wax', 3, 3, 2, 317.4, 87),
	(574, 'Vinegar - Cider', 2, 1, 1, 181.6, 79),
	(575, 'Extract - Lemon', 2, 2, 1, 302.47, 17),
	(576, 'Water - Mineral, Carbonated', 1, 3, 1, 289.6, 68),
	(577, 'Container - Foam Dixie 12 Oz', 3, 3, 1, 106.06, 52),
	(578, 'Pepper - Julienne, Frozen', 3, 4, 1, 145.56, 64),
	(579, 'Hot Choc Vending', 3, 7, 1, 243.47, 10),
	(580, 'Tarragon - Primerba, Paste', 1, 5, 1, 36.58, 10),
	(581, 'Wine - Barolo Fontanafredda', 1, 3, 1, 645.17, 73),
	(582, 'Muffin Hinge 117n', 2, 4, 2, 860.29, 7),
	(583, 'Coffee - 10oz Cup 92961', 1, 6, 1, 983.55, 95),
	(584, 'Curry Paste - Madras', 3, 5, 2, 576.84, 67),
	(585, 'Brandy Cherry - Mcguinness', 1, 8, 2, 957.06, 12),
	(586, 'Sauce - Black Current, Dry Mix', 1, 7, 2, 386.41, 91),
	(587, 'Salt - Celery', 3, 1, 1, 543.61, 67),
	(588, 'Chick Peas - Dried', 2, 1, 1, 231.27, 26),
	(589, 'Spinach - Baby', 3, 6, 1, 657.55, 76),
	(590, 'Coffee Guatemala Dark', 2, 2, 1, 209.86, 90),
	(591, 'Wine - Baron De Rothschild', 1, 1, 2, 122.79, 53),
	(592, 'Bar Bran Honey Nut', 2, 6, 1, 894.21, 30),
	(593, 'Bouillion - Fish', 2, 6, 1, 928.84, 17),
	(594, 'Gelatine Leaves - Envelopes', 2, 2, 2, 548.23, 15),
	(595, 'Table Cloth 91x91 Colour', 3, 5, 2, 904.18, 12),
	(596, 'Pike - Frozen Fillet', 2, 4, 2, 879.65, 4),
	(597, 'Cod - Black Whole Fillet', 3, 3, 1, 46.17, 69),
	(598, 'Beef - Tongue, Fresh', 3, 7, 1, 992.4, 22),
	(599, 'Ham - Black Forest', 1, 1, 1, 857.36, 38),
	(600, 'Juice - Orangina', 1, 8, 1, 70.98, 51),
	(601, 'Appetiser - Bought', 3, 7, 2, 660.58, 69),
	(602, 'Cheese - Comtomme', 3, 4, 2, 27.87, 99),
	(603, 'Cookie Dough - Double', 2, 8, 2, 41.93, 100),
	(604, 'Cheese - Cheddar With Claret', 1, 3, 2, 2.15, 24),
	(605, 'Versatainer Nc - 9388', 3, 4, 1, 128.78, 97),
	(606, 'Beef - Short Ribs', 3, 8, 2, 381.83, 22),
	(607, 'Wine - Mondavi Coastal Private', 2, 3, 1, 701.82, 50),
	(608, 'Pork - Loin, Center Cut', 1, 6, 1, 116.48, 1),
	(609, 'Potatoes - Yukon Gold 5 Oz', 3, 1, 2, 305.51, 32),
	(610, 'Bread - 10 Grain Parisian', 1, 1, 2, 443.09, 79),
	(611, 'Oil - Cooking Spray', 2, 6, 2, 381.13, 12),
	(612, 'Wine - Magnotta - Bel Paese White', 3, 5, 1, 143.91, 33),
	(613, 'Corn - Cream, Canned', 1, 6, 1, 71.38, 23),
	(614, 'Water - Spring Water, 355 Ml', 1, 3, 1, 227.33, 80),
	(615, 'Bread - Pita', 3, 6, 2, 871.09, 15),
	(616, 'Cheese - Taleggio D.o.p.', 3, 3, 2, 667.88, 15),
	(617, 'Chicken - Leg / Back Attach', 2, 2, 1, 587.82, 45),
	(618, 'Bread - Hot Dog Buns', 2, 3, 2, 176.32, 41),
	(619, 'Wine - Bourgogne 2002, La', 1, 4, 1, 688.89, 84),
	(620, 'Containter - 3oz Microwave Rect.', 1, 1, 2, 160.42, 41),
	(621, 'Flour - Bread', 1, 7, 1, 530.96, 53),
	(622, 'Wine - Chardonnay South', 2, 1, 2, 105.52, 89),
	(623, 'Straws - Cocktale', 3, 1, 2, 204.34, 31),
	(624, 'Coffee - Egg Nog Capuccino', 2, 6, 1, 964.75, 32),
	(625, 'Bread - Crumbs, Bulk', 1, 2, 1, 339.52, 12),
	(626, 'Garbage Bags - Clear', 1, 6, 2, 693.99, 49),
	(627, 'Flour - Rye', 3, 1, 2, 563.8, 54),
	(628, 'Table Cloth 90x90 White', 1, 7, 1, 502.02, 71),
	(629, 'Lettuce - Spring Mix', 3, 2, 2, 791.14, 25),
	(630, 'Swiss Chard', 2, 3, 2, 955.55, 28),
	(631, 'Ice Cream - Chocolate', 3, 1, 2, 357.22, 69),
	(632, 'Muffin Chocolate Individual Wrap', 1, 1, 1, 170.39, 30),
	(633, 'Bread - Pain Au Liat X12', 3, 3, 1, 877.83, 24),
	(634, 'Creme De Banane - Marie', 3, 5, 2, 175.34, 62),
	(635, 'Sour Cream', 2, 5, 1, 502.49, 15),
	(636, 'Salmon - Canned', 2, 1, 1, 143.4, 100),
	(637, 'Wine - Red, Cabernet Sauvignon', 3, 2, 2, 39.04, 70),
	(638, 'Pepper - Gypsy Pepper', 2, 3, 2, 896.42, 99),
	(639, 'Squid - Breaded', 1, 2, 1, 689.05, 25),
	(640, 'Beef - Tenderloin', 3, 6, 1, 842.09, 99),
	(641, 'Foam Dinner Plate', 1, 6, 2, 842.22, 80),
	(642, 'Wine - Puligny Montrachet A.', 2, 5, 2, 804.86, 83),
	(643, 'Barley - Pearl', 3, 4, 1, 86.19, 26),
	(644, 'Pork - Side Ribs', 3, 6, 1, 597.12, 45),
	(645, 'Cake - Mini Cheesecake', 1, 3, 2, 348.55, 47),
	(646, 'Chicken - Thigh, Bone In', 2, 5, 2, 412.17, 2),
	(647, 'Foil - Round Foil', 2, 4, 2, 229.91, 74),
	(648, 'Strawberries - California', 1, 1, 1, 914.17, 16),
	(649, 'Muffin - Mix - Creme Brule 15l', 3, 4, 2, 102.75, 44),
	(650, 'Tray - Foam, Square 4 - S', 2, 1, 1, 841.3, 65),
	(651, 'Cheese - Mozzarella', 3, 1, 1, 132.04, 83),
	(652, 'Bread - Triangle White', 3, 1, 1, 898.26, 19),
	(653, 'Jam - Raspberry', 2, 6, 1, 821.86, 20),
	(654, 'Prunes - Pitted', 3, 1, 2, 958.05, 90),
	(655, 'Nestea - Ice Tea, Diet', 2, 8, 1, 938.67, 83),
	(656, 'Cheese - Cream Cheese', 3, 1, 1, 564.74, 53),
	(657, 'Dried Cherries', 3, 4, 2, 173.09, 65),
	(658, 'Split Peas - Yellow, Dry', 2, 8, 2, 485.46, 67),
	(659, 'Juice - Clamato, 341 Ml', 3, 5, 2, 282.1, 81),
	(660, 'Capicola - Hot', 2, 3, 2, 600.45, 48),
	(661, 'Ecolab Silver Fusion', 3, 3, 2, 523.2, 95),
	(662, 'Trout - Rainbow, Frozen', 2, 4, 2, 529.21, 2),
	(663, 'Wine - Remy Pannier Rose', 3, 2, 2, 187.35, 94),
	(664, 'Broccoli - Fresh', 2, 7, 1, 874.63, 21),
	(665, 'Ice Cream - Fudge Bars', 3, 3, 1, 887.64, 41),
	(666, 'Sprouts - Baby Pea Tendrils', 3, 3, 2, 413.33, 30),
	(667, 'Cookie Double Choco', 1, 6, 2, 57.42, 18),
	(668, 'Container - Hngd Cll Blk 7x7x3', 1, 2, 2, 540.42, 68),
	(669, 'Figs', 2, 3, 1, 734.82, 24),
	(670, 'Chocolate - Unsweetened', 2, 8, 2, 825.65, 4),
	(671, 'Cassis', 1, 3, 1, 117.17, 25),
	(672, 'Mangostein', 1, 7, 1, 750.04, 42),
	(673, 'Wine - Stoneliegh Sauvignon', 1, 5, 1, 236.49, 11),
	(674, 'Milk - 1%', 1, 7, 2, 893.65, 16),
	(675, 'Rum - Cream, Amarula', 1, 2, 1, 852.41, 32),
	(676, 'Puree - Raspberry', 2, 5, 2, 437, 21),
	(677, 'Basil - Pesto Sauce', 1, 6, 2, 434.83, 99),
	(678, 'Lettuce - Romaine', 3, 5, 2, 762.25, 2),
	(679, 'Sage Derby', 1, 2, 1, 616.16, 75),
	(680, 'Extract - Lemon', 1, 7, 2, 52.47, 78),
	(681, 'Energy Drink - Franks Original', 3, 2, 2, 379.29, 24),
	(682, 'Chambord Royal', 1, 7, 1, 424.28, 82),
	(683, 'Coffee Swiss Choc Almond', 3, 8, 2, 77.58, 81),
	(684, 'Tomato - Green', 2, 4, 1, 556.56, 33),
	(685, 'Rosemary - Fresh', 3, 6, 2, 43.86, 8),
	(686, 'Lettuce - California Mix', 3, 3, 1, 989.26, 54),
	(687, 'Potatoes - Mini White 3 Oz', 1, 1, 2, 48.51, 64),
	(688, 'Bread Cranberry Foccacia', 3, 5, 1, 65.56, 71),
	(689, 'Scallops - Live In Shell', 3, 1, 2, 411.45, 96),
	(690, 'Raspberries - Frozen', 1, 7, 2, 432.03, 8),
	(691, 'Puree - Mocha', 3, 7, 1, 851.1, 21),
	(692, 'Lotus Root', 2, 6, 1, 500.55, 86),
	(693, 'Veal - Slab Bacon', 3, 5, 1, 349.61, 41),
	(694, 'Pastry - Trippleberry Muffin - Mini', 1, 1, 1, 896, 33),
	(695, 'Bagel - Whole White Sesame', 1, 3, 1, 420.3, 41),
	(696, 'Tea - Earl Grey', 2, 5, 2, 207.15, 26),
	(697, 'Pasta - Detalini, White, Fresh', 1, 4, 1, 121.62, 60),
	(698, 'Beer - Heinekin', 1, 2, 2, 952.26, 55),
	(699, 'Butter Ripple - Phillips', 2, 7, 1, 905.59, 67),
	(700, 'Split Peas - Green, Dry', 3, 4, 2, 36.68, 85),
	(701, 'Garlic Powder', 2, 8, 1, 751.01, 38),
	(702, 'Wine - Cabernet Sauvignon', 1, 7, 2, 277.48, 86),
	(703, 'Roe - White Fish', 3, 3, 1, 220.27, 65),
	(704, 'Lid - Translucent, 3.5 And 6 Oz', 3, 8, 2, 820.33, 73),
	(705, 'Wiberg Super Cure', 1, 6, 1, 15.77, 5),
	(706, 'Leeks - Large', 3, 4, 2, 83.61, 56),
	(707, 'Tarragon - Fresh', 3, 7, 2, 859.77, 17),
	(708, 'Sugar - Individual Portions', 1, 3, 2, 996.83, 31),
	(709, 'Tomato - Plum With Basil', 3, 1, 2, 214.09, 43),
	(710, 'Soup Campbells Mexicali Tortilla', 1, 5, 1, 275.15, 83),
	(711, 'Snapple Lemon Tea', 2, 1, 2, 429.48, 11),
	(712, 'Pastry - Chocolate Marble Tea', 1, 5, 2, 749.74, 60),
	(713, 'Iced Tea - Lemon, 460 Ml', 2, 7, 1, 582, 26),
	(714, 'Sage Derby', 2, 4, 1, 734.57, 28),
	(715, 'Buffalo - Striploin', 1, 7, 2, 39.99, 60),
	(716, 'Pail - 4l White, With Handle', 2, 6, 2, 233.83, 40),
	(717, 'Fireball Whisky', 1, 1, 1, 892.67, 10),
	(718, 'Chervil - Fresh', 3, 5, 1, 344.75, 88),
	(719, 'Beer - Upper Canada Lager', 3, 5, 1, 414.74, 69),
	(720, 'Pie Shell - 9', 3, 3, 1, 675.82, 21),
	(721, 'Pepsi - 600ml', 1, 4, 2, 51.04, 11),
	(722, 'Bagel - Ched Chs Presliced', 1, 6, 1, 816.59, 31),
	(723, 'Alize Red Passion', 1, 6, 2, 542.72, 46),
	(724, 'Cheese - Perron Cheddar', 1, 1, 1, 514.92, 37),
	(725, 'Pork Ham Prager', 1, 8, 1, 952.48, 42),
	(726, 'Galliano', 2, 3, 1, 631.89, 39),
	(727, 'Wine - Rosso Toscano Igt', 2, 4, 1, 663.06, 4),
	(728, 'Bacon Strip Precooked', 3, 3, 2, 652.38, 48),
	(729, 'Lid - 16 Oz And 32 Oz', 1, 3, 1, 227.98, 21),
	(730, 'Wine - Pinot Noir Mondavi Coastal', 1, 8, 2, 166.18, 98),
	(731, 'Salmon - Whole, 4 - 6 Pounds', 2, 5, 1, 752.97, 58),
	(732, 'Wine - Winzer Krems Gruner', 2, 7, 1, 144.39, 79),
	(733, 'Chocolate Bar - Coffee Crisp', 2, 8, 2, 65.61, 78),
	(734, 'Garam Masala Powder', 1, 3, 1, 391.08, 78),
	(735, 'Wine - Wyndham Estate Bin 777', 3, 7, 2, 96.84, 49),
	(736, 'Longos - Chicken Caeser Salad', 1, 2, 1, 973.47, 99),
	(737, 'Lettuce - Arugula', 3, 3, 1, 777.2, 73),
	(738, 'Truffle Shells - Semi - Sweet', 1, 7, 1, 748.09, 5),
	(739, 'Nougat - Paste / Cream', 3, 6, 1, 85.3, 75),
	(740, 'Goat - Leg', 3, 6, 1, 309.44, 94),
	(741, 'Coffee - Espresso', 1, 7, 1, 867.45, 7),
	(742, 'Wine - Segura Viudas Aria Brut', 3, 1, 1, 24.54, 40),
	(743, 'Cafe Royale', 2, 2, 1, 684.45, 58),
	(744, 'Catfish - Fillets', 1, 6, 2, 103.66, 67),
	(745, 'Cheese - Camembert', 3, 4, 1, 959.98, 34),
	(746, 'Cheese - St. Paulin', 2, 1, 2, 511.99, 15),
	(747, 'Dill Weed - Fresh', 3, 3, 2, 200.37, 82),
	(748, 'Veal - Inside Round / Top, Lean', 1, 3, 2, 817.79, 86),
	(749, 'Bread Foccacia Whole', 3, 7, 2, 422.93, 70),
	(750, 'Veal - Shank, Pieces', 2, 8, 1, 749.67, 7),
	(751, 'Juice - Prune', 1, 4, 2, 104.64, 100),
	(752, 'Country Roll', 2, 5, 1, 361.08, 97),
	(753, 'Coffee Cup 8oz 5338cd', 3, 8, 2, 744.35, 39),
	(754, 'Bread - Italian Sesame Poly', 1, 3, 2, 110.19, 25),
	(755, 'Pomello', 2, 5, 1, 472.63, 93),
	(756, 'Parsley - Fresh', 3, 7, 2, 361.58, 14),
	(757, 'Cranberry Foccacia', 3, 5, 2, 598.51, 30),
	(758, 'Tobasco Sauce', 2, 6, 2, 523.97, 93),
	(759, 'Chicken - Soup Base', 3, 7, 1, 423.79, 1),
	(760, 'Cake - Dulce De Leche', 2, 2, 2, 942.25, 94),
	(761, 'Crab - Back Fin Meat, Canned', 3, 3, 2, 422.96, 46),
	(762, 'Longos - Grilled Chicken With', 1, 5, 2, 442.54, 65),
	(763, 'Potatoes - Mini White 3 Oz', 3, 4, 2, 123.54, 68),
	(764, 'Wine - Balbach Riverside', 1, 4, 1, 621.17, 49),
	(765, 'Bread - Mini Hamburger Bun', 1, 8, 1, 705.17, 62),
	(766, 'Tea - English Breakfast', 3, 6, 2, 937.34, 32),
	(767, 'Water - Evian 355 Ml', 1, 1, 2, 815.83, 90),
	(768, 'Pate - Peppercorn', 3, 1, 2, 570.94, 79),
	(769, 'Rolled Oats', 2, 2, 2, 793.39, 34),
	(770, 'Yucca', 2, 3, 2, 324.57, 12),
	(771, 'Icecream Bar - Del Monte', 3, 3, 2, 946.6, 93),
	(772, 'Cornish Hen', 1, 6, 1, 412.47, 62),
	(773, 'Wine - Rhine Riesling Wolf Blass', 3, 6, 1, 407.95, 12),
	(774, 'Waffle Stix', 3, 7, 1, 747.7, 24),
	(775, 'Pail - 4l White, With Handle', 1, 4, 1, 113.73, 28),
	(776, 'Appetizer - Cheese Bites', 3, 3, 2, 675.77, 90),
	(777, 'Turkey - Breast, Smoked', 1, 6, 1, 614.08, 63),
	(778, 'Gatorade - Orange', 2, 1, 2, 709.33, 91),
	(779, 'Wine - Port Late Bottled Vintage', 1, 2, 1, 782.76, 26),
	(780, 'Croissants Thaw And Serve', 2, 5, 2, 36.18, 22),
	(781, 'Pepper - Chilli Seeds Mild', 2, 5, 1, 807.42, 4),
	(782, 'Tart Shells - Savory, 2', 3, 7, 2, 269.26, 61),
	(783, 'Spring Roll Veg Mini', 1, 2, 2, 709.28, 47),
	(784, 'Vermouth - White, Cinzano', 2, 6, 1, 908.14, 7),
	(785, 'Eel Fresh', 1, 3, 1, 682.8, 58),
	(786, 'Kellogs Cereal In A Cup', 2, 1, 2, 336.51, 9),
	(787, 'Broom Handle', 3, 5, 2, 573.1, 8),
	(788, 'Lid Tray - 12in Dome', 3, 8, 2, 347.84, 53),
	(789, 'Milk - Condensed', 2, 3, 2, 612.68, 88),
	(790, 'Beef - Tenderlion, Center Cut', 3, 8, 1, 229.79, 4),
	(791, 'Bread - White Epi Baguette', 3, 3, 2, 571.83, 94),
	(792, 'Bread Base - Toscano', 2, 5, 1, 939.82, 62),
	(793, 'Soup - Knorr, French Onion', 3, 4, 2, 380.27, 93),
	(794, 'Lemon Grass', 1, 4, 2, 231.31, 52),
	(795, 'Bay Leaf', 1, 5, 1, 778.42, 49),
	(796, 'Vinegar - Rice', 1, 6, 2, 490.56, 17),
	(797, 'Bandage - Flexible Neon', 1, 5, 2, 648.59, 6),
	(798, 'Wine - Redchard Merritt', 1, 5, 2, 948.43, 42),
	(799, 'Grapes - Green', 1, 6, 2, 515.55, 13),
	(800, 'Gatorade - Xfactor Berry', 3, 7, 2, 320.89, 64),
	(801, 'Curry Paste - Madras', 1, 2, 2, 289.34, 1),
	(802, 'Mayonnaise', 2, 2, 2, 391.58, 59),
	(803, 'Red Snapper - Fresh, Whole', 2, 1, 2, 321.93, 14),
	(804, 'Beer - Molson Excel', 1, 2, 1, 336.48, 56),
	(805, 'Jicama', 1, 5, 2, 256.72, 1),
	(806, 'Squash - Acorn', 2, 3, 1, 89.03, 85),
	(807, 'Flower - Potmums', 1, 1, 1, 427.45, 23),
	(808, 'Sausage - Chorizo', 1, 4, 1, 735.06, 90),
	(809, 'Pork - European Side Bacon', 2, 6, 1, 567.11, 40),
	(810, 'Veal - Slab Bacon', 3, 6, 1, 999.08, 6),
	(811, 'Sour Puss - Tangerine', 3, 1, 2, 911.22, 49),
	(812, 'Bar Mix - Pina Colada, 355 Ml', 1, 8, 1, 915.74, 12),
	(813, 'Capon - Whole', 3, 5, 1, 176.97, 94),
	(814, 'Ginger - Fresh', 1, 7, 1, 545.46, 78),
	(815, 'Salt - Sea', 3, 7, 2, 816.81, 32),
	(816, 'Pear - Asian', 3, 7, 1, 624.94, 43),
	(817, 'Wine - Chateau Bonnet', 3, 8, 1, 10.62, 89),
	(818, 'Wine - Magnotta - Red, Baco', 1, 6, 1, 606.83, 2),
	(819, 'Pepper - Scotch Bonnet', 1, 4, 2, 462.31, 71),
	(820, 'Transfer Sheets', 2, 8, 1, 724.14, 16),
	(821, 'Wine - Rosso Del Veronese Igt', 2, 4, 2, 244.76, 94),
	(822, 'Veal - Round, Eye Of', 1, 7, 2, 390.65, 47),
	(823, 'Oil - Truffle, Black', 2, 6, 1, 364.04, 61),
	(824, 'Mustard - Individual Pkg', 2, 8, 1, 278.33, 66),
	(825, 'Dasheen', 3, 2, 2, 607.63, 85),
	(826, 'Wine - Casablanca Valley', 2, 1, 1, 819.1, 78),
	(827, 'Beef - Ox Tail, Frozen', 1, 6, 1, 475.05, 64),
	(828, 'Eel - Smoked', 2, 1, 2, 29.55, 33),
	(829, 'Wine - Baron De Rothschild', 2, 1, 1, 915.94, 79),
	(830, 'Tamarind Paste', 2, 7, 2, 988.51, 3),
	(831, 'Glaze - Apricot', 3, 2, 1, 532.04, 53),
	(832, 'Puree - Kiwi', 2, 6, 2, 185.75, 73),
	(833, 'Mustard - Dijon', 1, 8, 2, 993.77, 66),
	(834, 'Chicken - Thigh, Bone In', 3, 4, 2, 297.14, 2),
	(835, 'Chef Hat 20cm', 2, 5, 1, 805.56, 9),
	(836, 'Cheese - Cream Cheese', 3, 8, 2, 676.78, 43),
	(837, 'Bread - Focaccia Quarter', 3, 1, 1, 175.45, 43),
	(838, 'Wine - Barossa Valley Estate', 3, 2, 2, 760.35, 70),
	(839, 'Scampi Tail', 2, 2, 2, 245.31, 5),
	(840, 'Sesame Seed Black', 2, 6, 1, 553.24, 13),
	(841, 'Sobe - Orange Carrot', 3, 6, 2, 75.07, 21),
	(842, 'Urban Zen Drinks', 3, 3, 2, 909.91, 15),
	(843, 'Tart Shells - Sweet, 4', 2, 7, 2, 462.1, 70),
	(844, 'Chocolate - White', 1, 6, 1, 726.24, 31),
	(845, 'Pop - Club Soda Can', 3, 8, 1, 938.52, 63),
	(846, 'Versatainer Nc - 888', 3, 7, 1, 348.52, 45),
	(847, 'Juice - Apple 284ml', 2, 4, 2, 90.53, 29),
	(848, 'Lamb - Loin Chops', 2, 8, 2, 284.59, 32),
	(849, 'Mushroom - Shitake, Dry', 3, 5, 1, 153.47, 16),
	(850, 'Pepper - Julienne, Frozen', 1, 3, 1, 559.18, 4),
	(851, 'Appetizer - Spring Roll, Veg', 2, 6, 2, 304.45, 71),
	(852, 'Gooseberry', 2, 8, 1, 799.43, 18),
	(853, 'Cheese - Le Cru Du Clocher', 1, 4, 2, 693.24, 9),
	(854, 'Beef - Flank Steak', 3, 7, 2, 457, 28),
	(855, 'Wine - Niagara,vqa Reisling', 3, 6, 2, 867.66, 90),
	(856, 'Wine - Bouchard La Vignee Pinot', 2, 1, 1, 789.24, 96),
	(857, 'Appetizer - Veg Assortment', 3, 3, 2, 624.49, 55),
	(858, 'Fish - Scallops, Cold Smoked', 3, 8, 1, 228.83, 45),
	(859, 'Coffee - Decaffeinato Coffee', 1, 6, 1, 653.77, 58),
	(860, 'Spring Roll Wrappers', 3, 3, 1, 390.89, 38),
	(861, 'Nut - Walnut, Pieces', 2, 7, 2, 693.32, 24),
	(862, 'Muffin Mix - Banana Nut', 2, 4, 2, 192.05, 82),
	(863, 'Wine - Red, Cooking', 3, 6, 1, 748.63, 69),
	(864, 'Kellogs All Bran Bars', 3, 6, 2, 48.54, 47),
	(865, 'Foie Gras', 1, 8, 2, 517.13, 28),
	(866, 'Cookies - Englishbay Oatmeal', 3, 1, 1, 134.91, 46),
	(867, 'Chocolate - Pistoles, Lactee, Milk', 1, 2, 2, 636.56, 6),
	(868, 'Crab - Dungeness, Whole, live', 1, 1, 2, 197.92, 22),
	(869, 'Capon - Breast, Double, Wing On', 3, 8, 2, 30.15, 24),
	(870, 'Nescafe - Frothy French Vanilla', 1, 8, 1, 766.86, 63),
	(871, 'Raspberries - Fresh', 2, 6, 2, 864.88, 11),
	(872, 'Lobster - Cooked', 1, 6, 1, 25.17, 72),
	(873, 'Cinnamon - Stick', 2, 7, 1, 585.96, 39),
	(874, 'Chocolate - Dark Callets', 2, 2, 1, 933.1, 84),
	(875, 'Longos - Chicken Curried', 2, 7, 1, 246.85, 8),
	(876, 'Pie Filling - Apple', 3, 3, 2, 433.73, 48),
	(877, 'Pesto - Primerba, Paste', 3, 2, 1, 386.89, 17),
	(878, 'Olives - Green, Pitted', 2, 5, 2, 860.26, 61),
	(879, 'Mayonnaise', 3, 7, 2, 789.39, 73),
	(880, 'Almonds Ground Blanched', 2, 2, 1, 617.33, 45),
	(881, 'Wine - Vovray Sec Domaine Huet', 2, 6, 2, 273.47, 25),
	(882, 'Sauce - Rosee', 3, 2, 1, 551.48, 66),
	(883, 'Energy Drink - Redbull 355ml', 1, 8, 2, 282.79, 78),
	(884, 'Ice Cream - Vanilla', 3, 8, 1, 862.27, 85),
	(885, 'Toothpick Frilled', 1, 6, 2, 833.59, 71),
	(886, 'Veal - Heart', 2, 7, 2, 61.96, 79),
	(887, 'Pasta - Canelloni, Single Serve', 1, 4, 1, 145.6, 68),
	(888, 'Wine - Bouchard La Vignee Pinot', 2, 8, 1, 176.13, 72),
	(889, 'Cookie Dough - Peanut Butter', 1, 5, 1, 464.48, 100),
	(890, 'Wine - Black Tower Qr', 3, 1, 2, 238.16, 26),
	(891, 'Bread - Rye', 1, 8, 1, 555.82, 29),
	(892, 'Steel Wool', 2, 7, 1, 701.83, 26),
	(893, 'Soupcontfoam16oz 116con', 3, 5, 2, 248.63, 37),
	(894, 'Tea - Darjeeling, Azzura', 1, 6, 1, 402.59, 62),
	(895, 'Salt - Seasoned', 1, 2, 1, 784.18, 6),
	(896, 'Brownies - Two Bite, Chocolate', 3, 8, 1, 306.79, 92),
	(897, 'Veal - Knuckle', 1, 4, 2, 982.91, 2),
	(898, 'Higashimaru Usukuchi Soy', 2, 6, 1, 161.79, 74),
	(899, 'Sobe - Green Tea', 3, 1, 2, 527.18, 69),
	(900, 'Otomegusa Dashi Konbu', 3, 2, 1, 742.31, 60),
	(901, 'Water - San Pellegrino', 1, 1, 1, 459.76, 43),
	(902, 'Potatoes - Pei 10 Oz', 2, 1, 2, 200.11, 50),
	(903, 'Skirt - 24 Foot', 1, 5, 2, 423.65, 66),
	(904, 'Cheese - Fontina', 2, 7, 2, 787.56, 34),
	(905, 'External Supplier', 2, 2, 1, 310.61, 28),
	(906, 'Beer - Corona', 2, 4, 1, 938.25, 71),
	(907, 'Bread - Bagels, Plain', 1, 3, 1, 328.68, 88),
	(908, 'Energy Drink', 2, 4, 1, 929.72, 91),
	(909, 'Soup - Cream Of Potato / Leek', 3, 6, 2, 929.29, 34),
	(910, 'Bread - Rolls, Corn', 1, 5, 1, 782.57, 13),
	(911, 'Spice - Montreal Steak Spice', 1, 4, 1, 555.96, 68),
	(912, 'Muffin Mix - Chocolate Chip', 3, 3, 2, 665.87, 14),
	(913, 'Limes', 3, 3, 1, 469.46, 27),
	(914, 'Pastry - Apple Muffins - Mini', 3, 4, 1, 73.47, 13),
	(915, 'Cheese - Pont Couvert', 2, 4, 2, 92.4, 59),
	(916, 'Creme De Cacao Mcguines', 1, 4, 1, 944.18, 22),
	(917, 'Appetizer - Seafood Assortment', 3, 7, 2, 941.29, 73),
	(918, 'Rambutan', 3, 4, 2, 120.2, 37),
	(919, 'Ginger - Ground', 3, 8, 1, 530.17, 24),
	(920, 'Zucchini - Yellow', 3, 1, 1, 877.49, 75),
	(921, 'Shrimp - Baby, Warm Water', 2, 4, 1, 484.05, 44),
	(922, 'Kiwi Gold Zespri', 1, 3, 2, 943.17, 72),
	(923, 'Table Cloth 120 Round White', 3, 1, 1, 24.11, 33),
	(924, 'Cafe Royale', 1, 5, 2, 602.94, 28),
	(925, 'Shrimp - Black Tiger 13/15', 2, 8, 2, 282.38, 16),
	(926, 'Sugar - Sweet N Low, Individual', 3, 2, 1, 418.47, 16),
	(927, 'Egg Patty Fried', 2, 6, 2, 228.95, 85),
	(928, 'Apple - Royal Gala', 3, 8, 2, 300.5, 17),
	(929, 'Goat - Leg', 1, 7, 1, 301.7, 33),
	(930, 'C - Plus, Orange', 3, 3, 2, 845.73, 22),
	(931, 'Wine - Red, Mouton Cadet', 2, 4, 2, 229.1, 61),
	(932, 'The Pop Shoppe - Black Cherry', 1, 2, 2, 971.44, 80),
	(933, 'Carrots - Purple, Organic', 2, 5, 2, 959.04, 88),
	(934, 'Lettuce - Spring Mix', 2, 4, 2, 264.83, 22),
	(935, 'Duck - Whole', 2, 6, 1, 671.11, 79),
	(936, 'V8 - Berry Blend', 3, 3, 2, 811.69, 41),
	(937, 'Boogies', 2, 5, 1, 116.58, 78),
	(938, 'Jam - Marmalade, Orange', 1, 7, 1, 825.38, 29),
	(939, 'Stock - Fish', 1, 2, 2, 479.36, 6),
	(940, 'Wine - Puligny Montrachet A.', 1, 3, 1, 704.63, 66),
	(941, 'Wine - Fino Tio Pepe Gonzalez', 2, 5, 1, 275.15, 38),
	(942, 'Crackers - Trio', 1, 7, 1, 391.73, 35),
	(943, 'Lid - 0090 Clear', 2, 3, 2, 461.67, 38),
	(944, 'Longos - Grilled Salmon With Bbq', 2, 8, 2, 362.38, 28),
	(945, 'Chambord Royal', 1, 3, 2, 402.01, 43),
	(946, 'Mushroom - Enoki, Fresh', 2, 5, 1, 303.07, 35),
	(947, 'Bar Mix - Pina Colada, 355 Ml', 1, 5, 1, 270.14, 17),
	(948, 'Sauce - Thousand Island', 1, 6, 2, 985.78, 80),
	(949, 'Versatainer Nc - 8288', 3, 4, 1, 260.06, 73),
	(950, 'Beer - Fruli', 1, 7, 2, 523.72, 40),
	(951, 'Pineapple - Canned, Rings', 2, 3, 2, 520.58, 42),
	(952, 'Mints - Striped Red', 2, 1, 1, 646.38, 6),
	(953, 'Vanilla Beans', 2, 3, 2, 920, 69),
	(954, 'Bread - Multigrain Oval', 2, 6, 1, 662.2, 53),
	(955, 'Vanilla Beans', 3, 2, 2, 214.57, 32),
	(956, 'Coffee - Hazelnut Cream', 2, 3, 1, 298.82, 1),
	(957, 'Nantucket - Pomegranate Pear', 1, 2, 1, 507.85, 67),
	(958, 'Muffin Batt - Blueberry Passion', 1, 6, 1, 400.39, 26),
	(959, 'Wine - Kwv Chenin Blanc South', 1, 1, 1, 95.69, 54),
	(960, 'Coffee - Hazelnut Cream', 3, 7, 2, 432.6, 42),
	(961, 'Soupfoamcont12oz 112con', 2, 3, 2, 421.03, 55),
	(962, 'Lettuce - Frisee', 2, 1, 2, 814.2, 69),
	(963, 'Melon - Cantaloupe', 2, 2, 1, 984.61, 96),
	(964, 'Sauce - Cranberry', 1, 7, 2, 643.56, 1),
	(965, 'Cheese Cloth No 60', 2, 1, 1, 765.1, 52),
	(966, 'Wine - Shiraz South Eastern', 3, 8, 2, 589.71, 96),
	(967, 'Wine - Red, Cabernet Merlot', 2, 7, 1, 635.35, 92),
	(968, 'Tart Shells - Sweet, 2', 1, 1, 2, 797.58, 1),
	(969, 'Tomatoes Tear Drop', 3, 4, 1, 285.83, 74),
	(970, 'Bagel - Ched Chs Presliced', 2, 7, 2, 147.57, 80),
	(971, 'Cookies - Englishbay Oatmeal', 3, 1, 1, 237.39, 10),
	(972, 'Tomatoes - Yellow Hot House', 2, 6, 2, 68.41, 36),
	(973, 'Pasta - Cappellini, Dry', 2, 4, 2, 398.29, 60),
	(974, 'Peas - Frozen', 1, 8, 2, 888.04, 30),
	(975, 'Crab - Meat', 1, 6, 2, 971.71, 48),
	(976, 'Container - Clear 32 Oz', 1, 3, 2, 29.8, 47),
	(977, 'Pastry - Cherry Danish - Mini', 2, 5, 1, 917.84, 61),
	(978, 'Soup Knorr Chili With Beans', 1, 4, 2, 255.52, 99),
	(979, 'Juice - Ocean Spray Cranberry', 1, 5, 2, 762.01, 99),
	(980, 'Tea - Camomele', 1, 3, 2, 38.6, 5),
	(981, 'Bread - 10 Grain', 1, 6, 1, 926.72, 9),
	(982, 'Extract - Lemon', 2, 4, 1, 449.51, 31),
	(983, 'Shark - Loin', 3, 1, 2, 757.29, 2),
	(984, 'Extract Vanilla Pure', 1, 6, 1, 632.68, 67),
	(985, 'Sword Pick Asst', 2, 5, 2, 788.81, 77),
	(986, 'Wine - Ej Gallo Sierra Valley', 3, 5, 1, 323.48, 47),
	(987, 'Bulgar', 2, 8, 2, 524.58, 3),
	(988, 'Juice - Apple, 341 Ml', 1, 6, 1, 690.47, 41),
	(989, 'Coffee - Espresso', 3, 6, 1, 426.51, 67),
	(990, 'Water - Tonic', 3, 7, 2, 602.62, 75),
	(991, 'Oven Mitts 17 Inch', 3, 3, 1, 362.02, 99),
	(992, 'Lid Tray - 16in Dome', 3, 3, 2, 359, 92),
	(993, 'Soup - Campbells, Creamy', 1, 3, 2, 215.72, 19),
	(994, 'Apple - Fuji', 2, 3, 1, 923.14, 33),
	(995, 'Wine - Barbera Alba Doc 2001', 1, 5, 2, 183.86, 48),
	(996, 'Wine - Niagara Peninsula Vqa', 1, 8, 2, 822.95, 28),
	(997, 'Sauce - Bernaise, Mix', 3, 6, 2, 194.55, 55),
	(998, 'Peppercorns - Green', 2, 6, 1, 459.69, 100),
	(999, 'Syrup - Pancake', 1, 6, 1, 880.59, 56),
	(1000, 'Coffee - French Vanilla Frothy', 1, 6, 2, 733.36, 91),
	(1001, 'Veal - Round, Eye Of', 3, 5, 1, 919.18, 74),
	(1002, 'Cumin - Whole', 1, 7, 2, 703.16, 37),
	(1003, 'Lamb - Rack', 2, 1, 1, 845.02, 6),
	(1004, 'Cabbage - Red', 3, 8, 1, 304.93, 22),
	(1005, 'Cheese - Grana Padano', 2, 7, 1, 71.72, 32),
	(1006, 'Rum - Cream, Amarula', 3, 7, 2, 501.52, 96),
	(1007, 'Wine - Trimbach Pinot Blanc', 3, 2, 1, 559.7, 63),
	(1008, 'Butter - Salted, Micro', 3, 2, 1, 972.01, 1),
	(1009, 'Pectin', 2, 2, 2, 385.17, 65),
	(1010, 'Chocolate - Pistoles, White', 3, 4, 2, 223.05, 58),
	(1011, 'Mushroom - Chanterelle Frozen', 1, 1, 2, 638.83, 10),
	(1012, 'Beans - Fine', 2, 2, 1, 784.25, 34),
	(1013, 'Seaweed Green Sheets', 2, 1, 2, 855.42, 30),
	(1014, 'Sauce - Roasted Red Pepper', 2, 6, 1, 61.91, 56),
	(1015, 'Beans - Yellow', 2, 4, 1, 462.23, 34),
	(1016, 'Vinegar - Balsamic, White', 3, 2, 1, 68.18, 98),
	(1017, 'Ham - Cooked Bayonne Tinned', 1, 7, 1, 408.32, 32),
	(1018, 'Sobe - Orange Carrot', 1, 1, 1, 433.64, 35),
	(1019, 'Pasta - Lasagna, Dry', 1, 4, 1, 635.7, 75),
	(1020, 'Tomato Paste', 2, 4, 1, 969.11, 18),
	(1021, 'Lemon Balm - Fresh', 3, 3, 2, 107.78, 17),
	(1022, 'Ice Cream - Fudge Bars', 1, 6, 1, 320.37, 59),
	(1023, 'Coffee - Decafenated', 2, 4, 1, 913.51, 19),
	(1024, 'Quail - Jumbo', 2, 1, 2, 522.03, 4),
	(1025, 'Squid - U - 10 Thailand', 3, 7, 2, 15.33, 12),
	(1026, 'Veal - Loin', 3, 5, 2, 652.43, 85),
	(1027, 'Bar Mix - Pina Colada, 355 Ml', 1, 1, 1, 794.3, 93),
	(1028, 'Soup - Knorr, Veg / Beef', 2, 6, 1, 710.09, 64),
	(1029, 'Napkin Colour', 1, 7, 1, 395.67, 78),
	(1030, 'Potatoes - Idaho 80 Count', 1, 3, 2, 94.98, 4),
	(1031, 'Beer - Guiness', 3, 8, 1, 355.77, 13),
	(1032, 'Pork - Smoked Back Bacon', 3, 1, 1, 486.56, 45),
	(1033, 'Nantucket - Kiwi Berry Cktl.', 2, 7, 1, 768.53, 72),
	(1034, 'Bread - Bistro Sour', 2, 2, 1, 118.49, 28),
	(1035, 'Capon - Breast, Double, Wing On', 1, 5, 1, 391.46, 84),
	(1036, 'Onions - Pearl', 3, 2, 2, 323.4, 70),
	(1037, 'Pork - Backs - Boneless', 3, 6, 1, 903.31, 71),
	(1038, 'Pepper - Green', 3, 8, 2, 255.27, 22),
	(1039, 'Bread Base - Italian', 3, 6, 2, 999.61, 42),
	(1040, 'Oxtail - Cut', 3, 8, 2, 77.15, 25),
	(1041, 'Sobe - Berry Energy', 2, 6, 2, 716.16, 90),
	(1042, 'Bay Leaf Fresh', 1, 6, 1, 319.64, 94),
	(1043, 'Juice - Grape, White', 1, 8, 1, 941.82, 89),
	(1044, 'Bread Base - Italian', 1, 8, 1, 929.5, 34),
	(1045, 'Brandy Apricot', 1, 4, 1, 951.05, 4),
	(1046, 'Turkey - Oven Roast Breast', 2, 3, 1, 984.55, 15),
	(1047, 'Sausage - Andouille', 3, 2, 1, 797.25, 85),
	(1048, 'Wine - Fume Blanc Fetzer', 3, 7, 2, 710.42, 31),
	(1049, 'Carroway Seed', 1, 3, 2, 384.57, 52),
	(1050, 'Asparagus - White, Canned', 3, 5, 1, 880.45, 34),
	(1051, 'Sugar - Brown, Individual', 3, 5, 1, 745.24, 77),
	(1052, 'Loquat', 3, 4, 1, 87.89, 85),
	(1053, 'Cookie Chocolate Chip With', 3, 6, 2, 878.38, 68),
	(1054, 'Eggplant Oriental', 1, 3, 2, 17.32, 88),
	(1055, 'Rosemary - Dry', 1, 1, 2, 668.18, 75),
	(1056, 'Ecolab - Hobart Washarm End Cap', 3, 4, 2, 14.33, 59),
	(1057, 'Hand Towel', 1, 5, 1, 237.14, 67),
	(1058, 'Tuna - Bluefin', 1, 7, 2, 872.32, 45),
	(1059, 'Salt And Pepper Mix - Black', 3, 6, 2, 69.17, 89),
	(1060, 'Clams - Bay', 3, 7, 2, 181.09, 3),
	(1061, 'Dates', 1, 2, 1, 767.07, 41),
	(1062, 'Bread - Dark Rye', 3, 7, 1, 171.04, 37),
	(1063, 'Soup - Campbells Chili', 1, 4, 2, 3.18, 28),
	(1064, 'Wine - Chenin Blanc K.w.v.', 1, 3, 1, 786.22, 96),
	(1065, 'Chicken - Wings, Tip Off', 1, 7, 1, 876.49, 2),
	(1066, 'Grand Marnier', 1, 4, 1, 904.06, 84),
	(1067, 'Jam - Strawberry, 20 Ml Jar', 2, 3, 2, 496.2, 23),
	(1068, 'Ginsing - Fresh', 3, 7, 2, 945.85, 98),
	(1069, 'Salmon Steak - Cohoe 8 Oz', 2, 1, 1, 296.06, 50),
	(1070, 'Caviar - Salmon', 3, 5, 1, 237.87, 92),
	(1071, 'Shiro Miso', 1, 2, 2, 260.84, 96),
	(1072, 'Sauce - Soya, Dark', 3, 6, 2, 988.89, 40),
	(1073, 'Petit Baguette', 2, 6, 1, 737.42, 81),
	(1074, 'Miso Paste White', 1, 1, 2, 892.58, 9),
	(1075, 'Tilapia - Fillets', 3, 8, 2, 189.2, 63),
	(1076, 'Thyme - Lemon, Fresh', 1, 3, 1, 37.12, 41),
	(1077, 'Bols Melon Liqueur', 1, 1, 1, 346.09, 24),
	(1078, 'Bread - Sour Batard', 1, 1, 2, 669.62, 56),
	(1079, 'Wine - White, Mosel Gold', 1, 1, 2, 222.62, 56),
	(1080, 'Blue Curacao - Marie Brizard', 1, 7, 1, 898, 95),
	(1081, 'Carbonated Water - Wildberry', 1, 5, 2, 628.72, 48),
	(1082, 'Table Cloth 144x90 White', 1, 4, 1, 312.06, 54),
	(1083, 'Turkey - Whole, Fresh', 1, 6, 2, 233.28, 13),
	(1084, 'Tuna - Fresh', 1, 3, 1, 715.36, 21),
	(1085, 'Chocolate - Compound Coating', 2, 7, 1, 787.03, 33),
	(1086, 'Tea - English Breakfast', 3, 4, 1, 165.36, 33),
	(1087, 'Wine - Carmenere Casillero Del', 3, 6, 2, 415.18, 56),
	(1088, 'Cheese - Taleggio D.o.p.', 2, 1, 2, 47.22, 16),
	(1089, 'Pumpkin', 3, 2, 1, 235.03, 8),
	(1090, 'Steamers White', 1, 1, 1, 709.25, 72),
	(1091, 'Veal - Striploin', 3, 2, 1, 389.3, 53),
	(1092, 'Tahini Paste', 2, 2, 1, 73.79, 28),
	(1093, 'Lid - 10,12,16 Oz', 3, 1, 2, 888.87, 48),
	(1094, 'Hagen Daza - Dk Choocolate', 1, 3, 1, 111.29, 57),
	(1095, 'Spice - Chili Powder Mexican', 3, 4, 1, 991.5, 90),
	(1096, 'Muffin Batt - Ban Dream Zero', 3, 5, 1, 954.39, 4),
	(1097, 'Tray - Foam, Square 4 - S', 3, 1, 1, 536.55, 16),
	(1098, 'Scallops - In Shell', 2, 4, 2, 736.97, 41),
	(1099, 'Goulash Seasoning', 3, 2, 1, 890.57, 62),
	(1100, 'Cookies Almond Hazelnut', 3, 4, 2, 193.28, 71),
	(1101, 'Mangostein', 1, 4, 2, 33.89, 48),
	(1102, 'Jolt Cola', 3, 6, 1, 890.86, 36),
	(1103, 'Juice - Grapefruit, 341 Ml', 3, 5, 2, 844.07, 83),
	(1104, 'Oil - Shortening,liqud, Fry', 3, 2, 2, 100.95, 92),
	(1105, 'Sultanas', 3, 4, 2, 815.24, 61),
	(1106, 'Nut - Almond, Blanched, Ground', 2, 5, 2, 863.51, 8),
	(1107, 'Pepper - Red Bell', 2, 1, 2, 26.32, 85),
	(1108, 'Sambuca - Opal Nera', 2, 4, 2, 884.89, 24),
	(1109, 'Wine - Ej Gallo Sierra Valley', 2, 3, 2, 757.34, 91),
	(1110, 'Wine - White, Riesling, Henry Of', 1, 8, 1, 924.21, 96),
	(1111, 'Wine - Alsace Gewurztraminer', 3, 4, 1, 641.47, 85),
	(1112, 'Garlic - Primerba, Paste', 2, 5, 1, 861.15, 11),
	(1113, 'Food Colouring - Blue', 3, 2, 2, 425.41, 13),
	(1114, 'Pepsi - 600ml', 1, 5, 2, 998.62, 45),
	(1115, 'Wine - Sicilia Igt Nero Avola', 1, 4, 1, 317.83, 57),
	(1116, 'Tortillas - Flour, 8', 2, 6, 2, 605.69, 94),
	(1117, 'Chocolate Bar - Smarties', 2, 8, 2, 864.12, 47),
	(1118, 'Pork - Back, Long Cut, Boneless', 3, 2, 1, 839.7, 64),
	(1119, 'Artichokes - Jerusalem', 3, 5, 2, 431.52, 33),
	(1120, 'Beans - Fava Fresh', 2, 3, 2, 768.46, 52),
	(1121, 'Sauce - Fish 25 Ozf Bottle', 3, 5, 1, 643.02, 76),
	(1122, 'Squash - Sunburst', 1, 7, 2, 13.54, 55),
	(1123, 'Pasta - Fettuccine, Egg, Fresh', 3, 4, 1, 419.69, 46),
	(1124, 'Triple Sec - Mcguinness', 1, 6, 2, 884.49, 62),
	(1125, 'Juice - Prune', 1, 2, 1, 568.66, 37),
	(1126, 'Dooleys Toffee', 3, 1, 1, 791.53, 14),
	(1127, 'Pork - Bones', 2, 8, 2, 207.36, 10),
	(1128, 'Canada Dry', 1, 2, 1, 445.88, 88),
	(1129, 'Ecolab - Hobart Upr Prewash Arm', 2, 5, 1, 359.63, 40),
	(1130, 'Lamb - Whole Head Off,nz', 2, 2, 2, 115.77, 1),
	(1131, 'Halibut - Whole, Fresh', 1, 5, 1, 644.9, 66),
	(1132, 'Asparagus - Green, Fresh', 3, 5, 1, 839.05, 22),
	(1133, 'Pork - Ham Hocks - Smoked', 3, 6, 2, 778.5, 72),
	(1134, 'Coffee Cup 12oz 5342cd', 1, 2, 2, 231.74, 20),
	(1135, 'Mushroom - Enoki, Dry', 3, 5, 1, 706.48, 79),
	(1136, 'Sour Puss Raspberry', 2, 2, 2, 409.26, 62),
	(1137, 'Brownies - Two Bite, Chocolate', 3, 1, 1, 326.8, 11),
	(1138, 'Lemonade - Mandarin, 591 Ml', 1, 1, 2, 731.9, 73),
	(1139, 'Wine - Taylors Reserve', 2, 2, 1, 411.48, 44),
	(1140, 'Brandy - Orange, Mc Guiness', 2, 3, 2, 127.78, 71),
	(1141, 'Shark - Loin', 1, 5, 1, 964.09, 70),
	(1142, 'Chicken - Diced, Cooked', 3, 6, 2, 154.05, 89),
	(1143, 'Cocoa Butter', 2, 7, 1, 622.09, 93),
	(1144, 'Beef - Rouladin, Sliced', 1, 6, 2, 857.53, 86),
	(1145, 'Beef - Top Butt', 3, 2, 2, 862.74, 28),
	(1146, 'Flower - Commercial Spider', 1, 3, 2, 533.25, 66),
	(1147, 'Lemonade - Black Cherry, 591 Ml', 2, 3, 2, 524.86, 54),
	(1148, 'Beef Tenderloin Aaa', 1, 4, 1, 541.25, 46),
	(1149, 'Pork - Bacon Cooked Slcd', 1, 6, 2, 790.27, 53),
	(1150, 'Garbag Bags - Black', 2, 5, 1, 267.94, 14),
	(1151, 'Higashimaru Usukuchi Soy', 1, 2, 1, 817.2, 2),
	(1152, 'Bread - English Muffin', 2, 1, 1, 170.45, 29),
	(1153, 'Oil - Food, Lacquer Spray', 3, 1, 2, 372.35, 37),
	(1154, 'Vinegar - Red Wine', 1, 7, 2, 408.72, 9),
	(1155, 'Creme De Menthe Green', 3, 3, 1, 492.27, 39),
	(1156, 'Laundry - Bag Cloth', 3, 6, 1, 452.35, 75),
	(1157, 'Truffle - Peelings', 2, 1, 1, 68.3, 13),
	(1158, 'Eggplant Italian', 2, 2, 1, 137.28, 60),
	(1159, 'Juice - Pineapple, 48 Oz', 3, 6, 1, 104.99, 24),
	(1160, 'Peas - Pigeon, Dry', 2, 2, 2, 32.92, 72),
	(1161, 'Blue Curacao - Marie Brizard', 1, 6, 2, 564.33, 25),
	(1162, 'Grand Marnier', 3, 6, 1, 180.66, 91),
	(1163, 'Sobe - Liz Blizz', 2, 7, 1, 342.04, 37),
	(1164, 'Pepsi, 355 Ml', 1, 5, 1, 147.24, 75),
	(1165, 'Shrimp, Dried, Small / Lb', 3, 7, 2, 556.27, 50),
	(1166, 'Pepper - Paprika, Spanish', 3, 4, 2, 83.81, 86),
	(1167, 'Pork - Butt, Boneless', 3, 2, 1, 325.29, 21),
	(1168, 'Wine - Niagara Peninsula Vqa', 2, 3, 1, 121.73, 75),
	(1169, 'Appetizer - Tarragon Chicken', 3, 4, 2, 633.81, 47),
	(1170, 'Soup - Campbells, Spinach Crm', 3, 3, 2, 478.31, 73),
	(1171, 'Yams', 1, 7, 2, 174.82, 95),
	(1172, 'Turkey - Oven Roast Breast', 2, 1, 2, 481.11, 2),
	(1173, 'Grenadine', 1, 7, 2, 25.16, 43),
	(1174, 'Wine - Casablanca Valley', 2, 1, 1, 976.02, 22),
	(1175, 'Peach - Halves', 3, 5, 1, 903.43, 18),
	(1176, 'Basil - Fresh', 2, 5, 1, 38.54, 69),
	(1177, 'Orange - Tangerine', 3, 2, 1, 412.74, 73),
	(1178, 'Tart Shells - Sweet, 2', 2, 6, 1, 84.42, 71),
	(1179, 'Fork - Plastic', 2, 5, 2, 161.72, 28),
	(1180, 'Bread - Focaccia Quarter', 3, 4, 2, 36.55, 3),
	(1181, 'Orange Roughy 6/8 Oz', 1, 2, 2, 357.37, 13),
	(1182, 'Sugar - Cubes', 1, 4, 2, 513.93, 22),
	(1183, 'Juice - Mango', 2, 3, 2, 975.13, 14),
	(1184, 'Guinea Fowl', 3, 4, 2, 241.6, 58),
	(1185, 'Ham - Virginia', 1, 1, 2, 284.37, 91),
	(1186, 'Fondant - Icing', 2, 2, 2, 8.95, 33),
	(1187, 'Couscous', 2, 3, 2, 290.74, 11),
	(1188, 'Lettuce - Arugula', 2, 3, 2, 365.23, 90),
	(1189, 'Glass Clear 7 Oz Xl', 1, 3, 1, 209.36, 100),
	(1190, 'Cilantro / Coriander - Fresh', 2, 4, 1, 271.69, 92),
	(1191, 'Lamb - Pieces, Diced', 3, 2, 2, 991.07, 32),
	(1192, 'Lamb Leg - Bone - In Nz', 1, 6, 1, 290.15, 75),
	(1193, 'Beer - Corona', 3, 6, 2, 322.8, 4),
	(1194, 'Dry Ice', 1, 3, 2, 27.4, 2),
	(1195, 'Ocean Spray - Kiwi Strawberry', 3, 3, 2, 240.52, 70),
	(1196, 'Mousse - Mango', 2, 7, 2, 302.97, 64),
	(1197, 'Appetizer - Shrimp Puff', 3, 4, 2, 726.45, 2),
	(1198, 'Oven Mitts - 15 Inch', 2, 5, 2, 231, 34),
	(1199, 'Initation Crab Meat', 2, 8, 2, 249.52, 48),
	(1200, 'Tea - Earl Grey', 2, 8, 2, 930.81, 86),
	(1201, 'Soup - Campbells Beef Noodle', 3, 2, 2, 469.24, 44),
	(1202, 'Wine - White, Lindemans Bin 95', 2, 8, 1, 892.09, 78),
	(1203, 'Nantuket Peach Orange', 2, 6, 2, 682.4, 45),
	(1204, 'Cookie Chocolate Chip With', 2, 3, 1, 547.96, 91),
	(1205, 'Langers - Cranberry Cocktail', 3, 3, 2, 138.96, 10),
	(1206, 'Almonds Ground Blanched', 3, 2, 2, 866.81, 91),
	(1207, 'Pasta - Lasagna, Dry', 1, 8, 1, 39.95, 85),
	(1208, 'Venison - Racks Frenched', 2, 8, 1, 249.65, 72),
	(1209, 'Cheese - Brie', 1, 2, 2, 153.81, 29),
	(1210, 'Wine - Sawmill Creek Autumn', 1, 5, 1, 993.88, 41),
	(1211, 'Cabbage - Nappa', 3, 4, 1, 764.82, 51),
	(1212, 'Pork - Smoked Kassler', 1, 8, 2, 949.03, 69),
	(1213, 'Orange - Blood', 3, 7, 1, 311.61, 59),
	(1214, 'Pail - 15l White, With Handle', 1, 2, 2, 178.78, 91),
	(1215, 'Pasta - Bauletti, Chicken White', 2, 5, 1, 583.85, 76),
	(1216, 'Ice - Clear, 300 Lb For Carving', 1, 3, 2, 865.35, 91),
	(1217, 'Corn - On The Cob', 2, 1, 2, 407.6, 15),
	(1218, 'Pepper - Black, Ground', 3, 1, 2, 901.87, 61),
	(1219, 'Sauce - Roasted Red Pepper', 2, 4, 1, 133.79, 36),
	(1220, 'Eggroll', 3, 6, 1, 668.52, 58),
	(1221, 'Lamb Rack - Ontario', 3, 3, 2, 434.31, 23),
	(1222, 'Wine - Fontanafredda Barolo', 3, 1, 2, 940.47, 74),
	(1223, 'Celery Root', 3, 2, 2, 769.54, 45),
	(1224, 'Vol Au Vents', 2, 5, 2, 390.14, 34),
	(1225, 'Pork - Inside', 1, 6, 2, 461.44, 41),
	(1226, 'Pasta - Canelloni', 1, 1, 2, 162.7, 38),
	(1227, 'Compound - Pear', 2, 6, 1, 914.83, 48),
	(1228, 'Cup - 8oz Coffee Perforated', 3, 6, 1, 131.72, 68),
	(1229, 'Beer - Sleemans Honey Brown', 2, 2, 1, 296.99, 21),
	(1230, 'Ice Cream - Chocolate', 1, 2, 2, 417.38, 93),
	(1231, 'Juice - Orange, Concentrate', 1, 4, 1, 705.83, 86),
	(1232, 'Seedlings - Clamshell', 1, 3, 1, 12.97, 17),
	(1233, 'Wine - Malbec Trapiche Reserve', 3, 1, 1, 965.72, 2),
	(1234, 'Cake Sheet Combo Party Pack', 1, 7, 2, 132.81, 60),
	(1235, 'Pasta - Penne, Lisce, Dry', 3, 1, 2, 568.39, 14),
	(1236, 'Pasta - Shells, Medium, Dry', 2, 6, 1, 6.28, 57),
	(1237, 'Port - 74 Brights', 1, 7, 2, 201.67, 64),
	(1238, 'Vinegar - Rice', 1, 2, 1, 741.3, 21),
	(1239, '7up Diet, 355 Ml', 3, 2, 1, 18.12, 96),
	(1240, 'Soup - Cream Of Broccoli, Dry', 1, 6, 1, 99.41, 2),
	(1241, 'Trout Rainbow Whole', 3, 2, 2, 689.92, 13),
	(1242, 'Pork - Smoked Back Bacon', 1, 5, 2, 34.42, 77),
	(1243, 'Beer - Mill St Organic', 2, 5, 2, 939.82, 44),
	(1244, 'Truffle - Peelings', 1, 6, 1, 309.62, 98),
	(1245, 'Potatoes - Pei 10 Oz', 3, 4, 1, 791.17, 5),
	(1246, 'Muffin - Mix - Creme Brule 15l', 1, 4, 2, 324.75, 49),
	(1247, 'The Pop Shoppe - Lime Rickey', 2, 3, 2, 896.72, 65),
	(1248, 'Veal - Inside, Choice', 1, 3, 2, 399.24, 56),
	(1249, 'Chocolate - Milk, Callets', 1, 7, 1, 720.08, 78),
	(1250, 'Boogies', 3, 5, 2, 125.76, 79),
	(1251, 'Tortillas - Flour, 12', 3, 3, 1, 575.7, 37),
	(1252, 'Wine - Placido Pinot Grigo', 3, 8, 1, 819.1, 93),
	(1253, 'Chinese Foods - Chicken', 2, 8, 1, 167.46, 97),
	(1254, 'Wine - Red, Mouton Cadet', 3, 8, 2, 68.81, 34),
	(1255, 'Glass Clear 7 Oz Xl', 2, 2, 1, 952.33, 26),
	(1256, 'Vinegar - Tarragon', 3, 6, 2, 644.65, 60),
	(1257, 'Bread - Raisin', 2, 4, 1, 121.27, 12),
	(1258, 'Wine - Baron De Rothschild', 2, 3, 2, 919, 62),
	(1259, 'Tea - Vanilla Chai', 2, 3, 1, 743.44, 92),
	(1260, 'Oil - Coconut', 3, 3, 2, 58.06, 34),
	(1261, 'Energy Drink', 3, 4, 1, 477.86, 16),
	(1262, 'Red Snapper - Fillet, Skin On', 2, 2, 1, 649.33, 74),
	(1263, 'Coffee - Almond Amaretto', 3, 3, 2, 201.34, 70),
	(1264, 'Bread - White, Unsliced', 3, 5, 1, 917.79, 44),
	(1265, 'Kohlrabi', 2, 6, 1, 551.88, 3),
	(1266, 'Fudge - Chocolate Fudge', 2, 5, 1, 724.21, 22),
	(1267, 'Sunflower Seed Raw', 2, 7, 2, 337.39, 50),
	(1268, 'Bread - Rolls, Rye', 3, 3, 1, 551.43, 38),
	(1269, 'Vinegar - Champagne', 3, 6, 1, 576.67, 59),
	(1270, 'Asparagus - White, Canned', 3, 1, 2, 520.25, 66),
	(1271, 'Carbonated Water - Wildberry', 3, 4, 1, 716.15, 7),
	(1272, 'Ice Cream Bar - Hagen Daz', 2, 6, 2, 997.8, 18),
	(1273, 'Chocolate - Sugar Free Semi Choc', 3, 1, 2, 64.51, 51),
	(1274, 'Sauce - Salsa', 2, 6, 2, 309.17, 89),
	(1275, 'Trueblue - Blueberry Cranberry', 1, 4, 1, 124.79, 10),
	(1276, 'The Pop Shoppe - Black Cherry', 1, 1, 1, 590.31, 19),
	(1277, 'Artichoke - Hearts, Canned', 2, 4, 1, 884.71, 51),
	(1278, 'Snapple Raspberry Tea', 1, 2, 2, 426.44, 79),
	(1279, 'Mustard - Individual Pkg', 1, 2, 2, 73.19, 11),
	(1280, 'Truffle Paste', 2, 8, 2, 912.14, 43),
	(1281, 'Oranges - Navel, 72', 1, 8, 2, 215.06, 27),
	(1282, 'Cheese - Grana Padano', 1, 8, 2, 624.18, 55),
	(1283, 'Beef - Cow Feet Split', 3, 1, 2, 352.48, 50),
	(1284, 'Table Cloth 91x91 Colour', 1, 8, 1, 649.44, 38),
	(1285, 'Syrup - Golden, Lyles', 1, 4, 2, 344.08, 53),
	(1286, 'Juice - Lemon', 3, 4, 1, 630.22, 43),
	(1287, 'Juice - Pineapple, 48 Oz', 2, 5, 2, 715.55, 52),
	(1288, 'Soup Campbells', 2, 4, 1, 708.03, 10),
	(1289, 'Cheese - Colby', 1, 7, 2, 65.94, 93),
	(1290, 'Veal - Liver', 2, 3, 2, 317.34, 88),
	(1291, 'Cheese - Oka', 3, 3, 1, 671.56, 33),
	(1292, 'Duck - Fat', 2, 8, 2, 257.1, 9),
	(1293, 'Garlic - Primerba, Paste', 1, 1, 2, 501.1, 66),
	(1294, 'Capon - Whole', 2, 6, 1, 190.4, 54),
	(1295, 'Wine - Red, Cabernet Merlot', 2, 5, 2, 861.53, 97),
	(1296, 'Allspice - Jamaican', 3, 8, 2, 312.75, 19),
	(1297, 'Zucchini - Yellow', 2, 2, 2, 942.75, 63),
	(1298, 'Tart Shells - Sweet, 4', 3, 7, 1, 412.3, 10),
	(1299, 'Soup - Campbells Broccoli', 1, 8, 2, 658.24, 84),
	(1300, 'Skirt - 24 Foot', 3, 7, 1, 157.39, 77),
	(1301, 'Noodles - Steamed Chow Mein', 3, 2, 1, 925.6, 8),
	(1302, 'Calypso - Black Cherry Lemonade', 2, 4, 2, 93.13, 58),
	(1303, 'Wine - Vidal Icewine Magnotta', 2, 3, 1, 38.2, 97),
	(1304, 'Wine - Sawmill Creek Autumn', 3, 8, 1, 156.32, 56),
	(1305, 'Cinnamon Rolls', 1, 1, 1, 661.38, 90),
	(1306, 'Bagelers - Cinn / Brown Sugar', 3, 4, 2, 369.06, 15),
	(1307, 'Table Cloth 81x81 White', 3, 5, 2, 549.28, 42),
	(1308, 'Wine - Vineland Estate Semi - Dry', 3, 7, 1, 322.98, 60),
	(1309, 'Blouse / Shirt / Sweater', 1, 5, 1, 777.72, 91),
	(1310, 'Apricots - Halves', 1, 2, 1, 193.59, 69),
	(1311, 'Coriander - Ground', 1, 6, 1, 44.81, 36),
	(1312, 'Trueblue - Blueberry Cranberry', 3, 7, 1, 955.99, 8),
	(1313, 'Macaroons - Homestyle Two Bit', 3, 5, 1, 320.35, 57),
	(1314, 'Coconut - Whole', 1, 2, 1, 267.47, 41),
	(1315, 'Cheese - Comte', 1, 3, 2, 406.61, 52),
	(1316, 'Water - Tonic', 2, 4, 1, 903.02, 48),
	(1317, 'Dried Figs', 3, 7, 2, 595.02, 89),
	(1318, 'Fond - Neutral', 2, 8, 1, 393.79, 25),
	(1319, 'Chicken - White Meat With Tender', 2, 3, 1, 925.47, 90),
	(1320, 'Soup - Knorr, Country Bean', 2, 1, 2, 126.72, 39),
	(1321, 'Cake Slab', 3, 6, 2, 586.62, 6),
	(1322, 'Tea - English Breakfast', 1, 3, 2, 940.03, 99),
	(1323, 'Ecolab - Orange Frc, Cleaner', 2, 8, 1, 109.74, 91),
	(1324, 'Beef - Top Butt', 1, 5, 2, 345.37, 92),
	(1325, 'Soup - Knorr, Country Bean', 3, 1, 2, 943.08, 21),
	(1326, 'Ecolab - Orange Frc, Cleaner', 2, 7, 2, 265.08, 73),
	(1327, 'Sauce Bbq Smokey', 3, 8, 2, 669.22, 33),
	(1328, 'Wine - Fat Bastard Merlot', 1, 1, 2, 283.64, 99),
	(1329, 'Wine - Chablis J Moreau Et Fils', 1, 3, 2, 615.5, 94),
	(1330, 'Fork - Plastic', 3, 3, 1, 977.48, 58),
	(1331, 'Cape Capensis - Fillet', 1, 8, 2, 302.77, 76),
	(1332, 'Wine - Wyndham Estate Bin 777', 3, 5, 2, 882.88, 69),
	(1333, 'Puree - Blackcurrant', 3, 5, 2, 193.44, 35),
	(1334, 'Absolut Citron', 2, 2, 2, 223.45, 56),
	(1335, 'Cheese - Cheddar With Claret', 1, 3, 2, 40.2, 35),
	(1336, 'Wine - Saint - Bris 2002, Sauv', 1, 4, 2, 524.9, 16),
	(1337, 'Garbage Bags - Black', 1, 7, 2, 425.67, 20),
	(1338, 'Table Cloth 81x81 White', 2, 8, 2, 18.78, 91),
	(1339, 'Remy Red Berry Infusion', 3, 3, 1, 445.74, 46),
	(1340, 'Lobster - Tail, 3 - 4 Oz', 2, 7, 2, 979.8, 28),
	(1341, 'Burger Veggie', 2, 8, 2, 722.03, 82),
	(1342, 'Wine - White Cab Sauv.on', 3, 6, 2, 365.31, 1),
	(1343, 'Shark - Loin', 1, 3, 2, 901.28, 29),
	(1344, 'Tuna - Yellowfin', 2, 2, 1, 707.03, 37),
	(1345, 'Bread - 10 Grain', 1, 7, 2, 709.13, 90),
	(1346, 'Sugar - Icing', 3, 3, 2, 257.42, 29),
	(1347, 'Muffin Batt - Ban Dream Zero', 3, 1, 2, 949.23, 8),
	(1348, 'Gelatine Leaves - Envelopes', 3, 3, 1, 613.73, 14),
	(1349, 'Jam - Blackberry, 20 Ml Jar', 1, 1, 2, 393.03, 51),
	(1350, 'Mushroom - Oyster, Fresh', 2, 4, 2, 852.82, 7),
	(1351, 'Wine - White, Cooking', 1, 2, 2, 175.94, 4),
	(1352, 'Hand Towel', 2, 2, 1, 671.58, 79),
	(1353, 'Honey - Liquid', 1, 1, 2, 242.06, 40),
	(1354, 'Steampan Lid', 3, 4, 2, 116.52, 36),
	(1355, 'Cream - 18%', 2, 4, 2, 93.12, 53),
	(1356, 'Monkfish Fresh - Skin Off', 3, 6, 2, 42.44, 68),
	(1357, 'Tuna - Sushi Grade', 1, 8, 1, 477.77, 98),
	(1358, 'Gloves - Goldtouch Disposable', 3, 8, 1, 287.81, 100),
	(1359, 'Fish - Atlantic Salmon, Cold', 1, 8, 1, 788.75, 94),
	(1360, 'Table Cloth 62x114 White', 3, 1, 1, 869.43, 7),
	(1361, 'Soup - Campbells, Minestrone', 1, 2, 2, 70.71, 39),
	(1362, 'Cookies Cereal Nut', 3, 5, 1, 454.91, 69),
	(1363, 'Jameson Irish Whiskey', 1, 8, 2, 816.09, 32),
	(1364, 'Tea - Jasmin Green', 1, 2, 1, 889.26, 55),
	(1365, 'Mustard - Dijon', 3, 5, 2, 479.96, 99),
	(1366, 'Pastry - Apple Large', 2, 8, 2, 901.45, 83),
	(1367, 'Limes', 3, 6, 1, 980.34, 31),
	(1368, 'Mace', 1, 5, 1, 133.64, 18),
	(1369, 'Asparagus - White, Canned', 3, 3, 1, 75.7, 42),
	(1370, 'Tuna - Loin', 3, 8, 2, 488.89, 39),
	(1371, 'Bandage - Flexible Neon', 3, 4, 1, 771.63, 81),
	(1372, 'Kirsch - Schloss', 3, 5, 1, 270.29, 58),
	(1373, 'Artichokes - Knobless, White', 2, 3, 1, 197.37, 14),
	(1374, 'Bread - Italian Sesame Poly', 1, 3, 1, 646.34, 50),
	(1375, 'Soup - Campbells Beef Stew', 2, 8, 2, 527.69, 66),
	(1376, 'Clams - Canned', 2, 3, 1, 64.12, 80),
	(1377, 'Beans - Long, Chinese', 1, 6, 1, 531.94, 48),
	(1378, 'Jam - Raspberry,jar', 3, 7, 1, 892.35, 41),
	(1379, 'Chef Hat 25cm', 2, 1, 2, 350.51, 82),
	(1380, 'Relish', 2, 2, 1, 288.86, 88),
	(1381, 'Tea - Herbal Orange Spice', 2, 3, 2, 159.64, 4),
	(1382, 'Ice Cream Bar - Oreo Sandwich', 2, 4, 1, 579.85, 77),
	(1383, 'Yeast Dry - Fleischman', 3, 6, 2, 890.76, 2),
	(1384, 'Ice Cream Bar - Drumstick', 3, 8, 2, 362.92, 1),
	(1385, 'Salmon Atl.whole 8 - 10 Lb', 2, 4, 2, 615.49, 81),
	(1386, 'Beans - Kidney, Canned', 1, 5, 1, 57.63, 10),
	(1387, 'Shichimi Togarashi Peppeers', 1, 7, 1, 214.87, 23),
	(1388, 'Pears - Bosc', 3, 5, 2, 282.16, 11),
	(1389, 'Juice - Lemon', 2, 3, 1, 590.72, 84),
	(1390, 'Mayonnaise', 3, 8, 2, 985.35, 7),
	(1391, 'Heavy Duty Dust Pan', 1, 7, 2, 703.51, 18),
	(1392, 'Oven Mitt - 13 Inch', 1, 2, 2, 598.65, 44),
	(1393, 'Pepper - Sorrano', 3, 8, 2, 879.11, 13),
	(1394, 'Rice - 7 Grain Blend', 1, 4, 1, 720.19, 67),
	(1395, 'Ice Cream Bar - Rolo Cone', 1, 4, 2, 332.96, 44),
	(1396, 'Plate Pie Foil', 1, 5, 2, 634.96, 62),
	(1397, 'Spinach - Frozen', 2, 3, 2, 663.85, 45),
	(1398, 'Lettuce - Treviso', 2, 5, 1, 309.28, 63),
	(1399, 'Bread - Roll, Italian', 3, 8, 2, 762.62, 92),
	(1400, 'Duck - Fat', 1, 2, 1, 809.97, 18),
	(1401, 'Mace Ground', 1, 1, 2, 481.17, 60),
	(1402, 'Jam - Raspberry,jar', 2, 1, 1, 804.43, 94),
	(1403, 'Oil - Olive', 1, 2, 2, 958.69, 94),
	(1404, 'Toothpick Frilled', 2, 3, 2, 442.34, 56),
	(1405, 'Cornstarch', 2, 7, 1, 724.71, 71),
	(1406, 'Cheese - Parmigiano Reggiano', 1, 6, 1, 799.16, 22),
	(1407, 'Chocolate - Mi - Amere Semi', 2, 4, 1, 339.97, 66),
	(1408, 'Vacuum Bags 12x16', 2, 8, 1, 375.88, 24),
	(1409, 'Pepper - Green, Chili', 1, 4, 2, 59.98, 54),
	(1410, 'Wine - Red, Mosaic Zweigelt', 2, 1, 2, 121.29, 89),
	(1411, 'Thyme - Fresh', 1, 5, 1, 518.81, 51),
	(1412, 'Crab Meat Claw Pasteurise', 1, 4, 2, 368.06, 36),
	(1413, 'Brandy Cherry - Mcguinness', 3, 5, 2, 288.39, 78),
	(1414, 'Soup V8 Roasted Red Pepper', 2, 5, 2, 857.06, 83),
	(1415, 'Muffin - Mix - Strawberry Rhubarb', 3, 1, 1, 600.37, 81),
	(1416, 'Food Colouring - Orange', 3, 7, 1, 752.19, 4),
	(1417, 'Tilapia - Fillets', 1, 4, 1, 179.49, 13),
	(1418, 'Soup - Campbells Bean Medley', 2, 8, 2, 60.08, 68),
	(1419, 'Lettuce - Romaine, Heart', 2, 7, 1, 205.84, 84),
	(1420, 'Pasta - Tortellini, Fresh', 3, 4, 2, 654.69, 28),
	(1421, 'Wine - Jackson Triggs Okonagan', 1, 8, 2, 80.57, 24),
	(1422, 'The Pop Shoppe Pinapple', 1, 7, 1, 287.6, 92),
	(1423, 'Pork - Belly Fresh', 1, 7, 2, 5.23, 59),
	(1424, 'Asparagus - Green, Fresh', 3, 2, 1, 691.17, 44),
	(1425, 'Shrimp - 21/25, Peel And Deviened', 3, 1, 2, 966.69, 75),
	(1426, 'Prunes - Pitted', 1, 2, 2, 643.43, 78),
	(1427, 'Rabbit - Frozen', 2, 2, 2, 82.62, 92),
	(1428, 'Pepper - Cubanelle', 2, 6, 1, 505, 35),
	(1429, 'Flour - Rye', 1, 7, 2, 707.8, 100),
	(1430, 'Vodka - Hot, Lnferno', 3, 1, 2, 757.53, 19),
	(1431, 'Tarragon - Fresh', 2, 6, 2, 936.07, 52),
	(1432, 'Dikon', 2, 3, 1, 776.15, 42),
	(1433, 'Mangostein', 3, 1, 2, 600.29, 64),
	(1434, 'Chocolate Bar - Reese Pieces', 2, 2, 1, 751.26, 86),
	(1435, 'Pie Shells 10', 1, 3, 1, 271.4, 28),
	(1436, 'Pepper - Julienne, Frozen', 3, 3, 1, 104.87, 53),
	(1437, 'Bacon Strip Precooked', 3, 3, 2, 641.36, 51),
	(1438, 'Nut - Almond, Blanched, Ground', 1, 3, 1, 186.58, 94),
	(1439, 'Yeast - Fresh, Fleischman', 1, 5, 1, 426.9, 84),
	(1440, 'Mushrooms - Black, Dried', 1, 8, 1, 566.06, 54),
	(1441, 'Cabbage - Green', 3, 1, 1, 664.3, 92),
	(1442, 'Cookies - Oreo, 4 Pack', 1, 5, 2, 336.86, 32),
	(1443, 'Towel Dispenser', 2, 7, 1, 776.7, 49),
	(1444, 'Gatorade - Fruit Punch', 1, 6, 2, 474.19, 39),
	(1445, 'Lemonade - Kiwi, 591 Ml', 1, 5, 2, 671.96, 44),
	(1446, 'Beef - Bresaola', 3, 4, 2, 797.81, 65),
	(1447, 'Chilli Paste, Sambal Oelek', 3, 2, 1, 993.21, 24),
	(1448, 'Wine - Cotes Du Rhone Parallele', 1, 4, 1, 814.83, 69),
	(1449, 'Sugar - Palm', 1, 3, 2, 808.35, 13),
	(1450, 'Wine - Red, Mouton Cadet', 1, 1, 2, 972.11, 3),
	(1451, 'Tea Peppermint', 3, 2, 2, 353.8, 81),
	(1452, 'Teriyaki Sauce', 3, 6, 1, 272.62, 19),
	(1453, 'Sobe - Orange Carrot', 1, 3, 1, 122, 92),
	(1454, 'Transfer Sheets', 2, 3, 1, 620.04, 5),
	(1455, 'Wine - Vouvray Cuvee Domaine', 2, 4, 2, 72.86, 46),
	(1456, 'Cheese - Sheep Milk', 2, 2, 2, 124.98, 97),
	(1457, 'Wine - Shiraz South Eastern', 2, 6, 2, 853.39, 16),
	(1458, 'Squash - Pattypan, Yellow', 3, 7, 1, 528.81, 2),
	(1459, 'Yogurt - Blueberry, 175 Gr', 2, 2, 1, 263.27, 13),
	(1460, 'Cheese - Havarti, Salsa', 2, 2, 2, 863.05, 78),
	(1461, 'Wine - Malbec Trapiche Reserve', 3, 6, 2, 739.8, 27),
	(1462, 'Lamb Leg - Bone - In Nz', 1, 4, 2, 848.44, 72),
	(1463, 'Honey - Lavender', 1, 8, 2, 131.62, 63),
	(1464, 'Foil Cont Round', 1, 6, 2, 869.6, 46),
	(1465, 'Beer - Molson Excel', 2, 3, 1, 185.67, 98),
	(1466, 'Corn - Cream, Canned', 1, 6, 1, 889.62, 89),
	(1467, 'Beef - Tongue, Fresh', 1, 3, 2, 611.04, 4),
	(1468, 'Cake - Dulce De Leche', 1, 2, 1, 349.48, 25),
	(1469, 'Sping Loaded Cup Dispenser', 3, 5, 2, 89.28, 64),
	(1470, 'Beer - True North Strong Ale', 1, 2, 1, 287.92, 20),
	(1471, 'Longos - Cheese Tortellini', 1, 5, 2, 612.92, 23),
	(1472, 'Wine - Lamancha Do Crianza', 3, 5, 2, 981.8, 36),
	(1473, 'Champagne - Brights, Dry', 3, 2, 2, 386.71, 71),
	(1474, 'Wine - Magnotta - Red, Baco', 3, 4, 1, 710.01, 91),
	(1475, 'Wine - Muscadet Sur Lie', 1, 5, 2, 529.82, 3),
	(1476, 'Extract - Vanilla,artificial', 2, 8, 1, 913.92, 43),
	(1477, 'Chevere Logs', 2, 5, 2, 720.85, 9),
	(1478, 'Pepper - Black, Ground', 2, 4, 2, 689.39, 48),
	(1479, 'Wine - Chardonnay Mondavi', 2, 4, 2, 873.68, 53),
	(1480, 'Wine - Red Oakridge Merlot', 2, 2, 2, 11.2, 51),
	(1481, 'Tea - Lemon Green Tea', 1, 6, 2, 966.15, 27),
	(1482, 'Flour Dark Rye', 3, 1, 1, 58.09, 74),
	(1483, 'Extract - Lemon', 2, 8, 2, 125.91, 11),
	(1484, 'Alize Red Passion', 1, 3, 2, 565.93, 62),
	(1485, 'Bread - Pain Au Liat X12', 2, 2, 2, 488.6, 57),
	(1486, 'Butter - Pod', 2, 8, 1, 309.19, 25),
	(1487, 'Longos - Chicken Wings', 2, 6, 2, 108.42, 13),
	(1488, 'Radish', 3, 2, 1, 499, 49),
	(1489, 'Dry Ice', 3, 2, 2, 869.56, 9),
	(1490, 'Cheese - Provolone', 3, 3, 1, 396.04, 92),
	(1491, 'Pasta - Tortellini, Fresh', 2, 4, 2, 70.01, 74),
	(1492, 'Wine - Maipo Valle Cabernet', 2, 4, 2, 760.73, 56),
	(1493, 'Crackers - Melba Toast', 2, 4, 1, 726.29, 20),
	(1494, 'Bouillion - Fish', 2, 6, 2, 795.06, 94),
	(1495, 'Flavouring Vanilla Artificial', 3, 8, 2, 11.15, 11),
	(1496, 'Water - Mineral, Carbonated', 2, 3, 2, 871.38, 95),
	(1497, 'Kale - Red', 3, 6, 1, 66.14, 20),
	(1498, 'Sauce - Hp', 1, 8, 1, 876.07, 30),
	(1499, 'Buffalo - Tenderloin', 3, 8, 2, 905.19, 96),
	(1500, 'Fond - Chocolate', 2, 1, 1, 32.38, 7),
	(1501, 'Tortillas - Flour, 12', 2, 5, 2, 392.24, 31),
	(1502, 'Capers - Pickled', 3, 8, 2, 667.06, 71),
	(1503, 'Glaze - Clear', 3, 8, 1, 719.88, 90),
	(1504, 'Oranges', 3, 1, 1, 512.42, 50),
	(1505, 'Juice - Orange, Concentrate', 3, 1, 2, 845.2, 39),
	(1506, 'Molasses - Fancy', 2, 2, 2, 858.66, 68),
	(1507, 'Pepper - Sorrano', 2, 2, 2, 943.09, 81),
	(1508, 'Beef - Bones, Cut - Up', 2, 6, 1, 277.83, 94),
	(1509, 'Pickerel - Fillets', 1, 2, 2, 732.7, 56),
	(1510, 'Muffin Hinge - 211n', 2, 4, 2, 239.76, 72),
	(1511, 'Mushroom - Porcini Frozen', 1, 3, 1, 544.95, 89),
	(1512, 'C - Plus, Orange', 3, 2, 2, 968.37, 50),
	(1513, 'Kellogs Cereal In A Cup', 3, 2, 1, 670.03, 71),
	(1514, 'Mushroom - Trumpet, Dry', 2, 8, 2, 948.24, 82),
	(1515, 'Cookie - Dough Variety', 1, 3, 1, 716.78, 56),
	(1516, 'Beef Dry Aged Tenderloin Aaa', 1, 3, 1, 726.12, 32),
	(1517, 'Pork - Shoulder', 3, 3, 1, 106.77, 72),
	(1518, 'Wine - Two Oceans Cabernet', 3, 4, 1, 601.26, 51),
	(1519, 'Grenadine', 1, 2, 2, 384.11, 4),
	(1520, 'Chocolate - Milk Coating', 1, 7, 1, 214.08, 56),
	(1521, 'Mix Pina Colada', 3, 8, 1, 346.13, 100),
	(1522, 'Propel Sport Drink', 1, 8, 2, 906.69, 81),
	(1523, 'Tea - Herbal Orange Spice', 3, 1, 1, 742.22, 51),
	(1524, 'Nantucket - Orange Mango Cktl', 1, 3, 2, 732.89, 8),
	(1525, 'Trout - Rainbow, Fresh', 1, 2, 2, 208.71, 78),
	(1526, 'Muffin Batt - Blueberry Passion', 3, 6, 2, 996.57, 80),
	(1527, 'Sorrel - Fresh', 2, 1, 2, 669.2, 97),
	(1528, 'Pastry - Apple Muffins - Mini', 3, 2, 2, 439.82, 88),
	(1529, 'Miso Paste White', 2, 8, 2, 76.76, 78),
	(1530, 'Scallops - 20/30', 2, 7, 2, 939.15, 19),
	(1531, 'Sobe - Tropical Energy', 1, 7, 2, 999.23, 95),
	(1532, 'Icecream Bar - Del Monte', 2, 1, 1, 665.28, 80),
	(1533, 'Wine - Zinfandel California 2002', 1, 4, 2, 76.82, 76),
	(1534, 'Turkey - Breast, Double', 2, 8, 1, 577.73, 28),
	(1535, 'Bread - Corn Muffaletta', 1, 3, 2, 506.97, 52),
	(1536, 'Parsley Italian - Fresh', 1, 7, 2, 770.83, 16),
	(1537, 'Jolt Cola - Red Eye', 3, 8, 2, 619.05, 70),
	(1538, 'Melon - Watermelon, Seedless', 3, 2, 2, 696.84, 100),
	(1539, 'Crab - Dungeness, Whole', 2, 5, 1, 189.34, 75),
	(1540, 'Ecolab - Orange Frc, Cleaner', 2, 1, 2, 985.42, 22),
	(1541, 'Lobak', 1, 6, 2, 48.55, 65),
	(1542, 'Truffle - Whole Black Peeled', 3, 7, 1, 547.1, 29),
	(1543, 'Nut - Almond, Blanched, Ground', 1, 4, 1, 765.79, 80),
	(1544, 'Lamb - Rack', 2, 3, 1, 383.73, 53),
	(1545, 'Apple - Fuji', 2, 6, 2, 172.29, 37),
	(1546, 'Pasta - Gnocchi, Potato', 2, 3, 1, 61.8, 64),
	(1547, 'Mushroom - King Eryingii', 2, 2, 1, 207.39, 83),
	(1548, 'Beans - Long, Chinese', 2, 1, 1, 549.19, 13),
	(1549, 'Papayas', 2, 1, 1, 328.46, 15),
	(1550, 'Beets - Golden', 2, 1, 2, 283.66, 31),
	(1551, 'Paper - Brown Paper Mini Cups', 3, 2, 1, 16.44, 36),
	(1552, 'Wiberg Cure', 3, 7, 1, 588.33, 9),
	(1553, 'Shrimp - 100 / 200 Cold Water', 3, 7, 1, 451.32, 38),
	(1554, 'Vinegar - Sherry', 1, 7, 2, 297.42, 93),
	(1555, 'Shrimp - Black Tiger 6 - 8', 2, 3, 1, 43.88, 89),
	(1556, 'Longos - Grilled Veg Sandwiches', 1, 3, 1, 305.83, 36),
	(1557, 'Propel Sport Drink', 3, 3, 1, 778.67, 41),
	(1558, 'Wine - Semi Dry Riesling Vineland', 3, 2, 1, 531.14, 5),
	(1559, 'Beef - Sushi Flat Iron Steak', 3, 1, 1, 688.21, 78),
	(1560, 'Cardamon Seed / Pod', 2, 1, 1, 813.22, 61),
	(1561, 'Sobe - Green Tea', 1, 2, 2, 587.32, 15),
	(1562, 'Magnotta Bel Paese Red', 3, 4, 2, 721.04, 88),
	(1563, 'Cod - Salted, Boneless', 3, 3, 2, 383.29, 14),
	(1564, 'Higashimaru Usukuchi Soy', 1, 5, 2, 551.14, 17),
	(1565, 'Food Colouring - Green', 1, 1, 2, 897.99, 21),
	(1566, 'Rum - Spiced, Captain Morgan', 2, 7, 1, 689.71, 64),
	(1567, 'Piping - Bags Quizna', 2, 7, 2, 491.06, 35),
	(1568, 'Tortillas - Flour, 8', 1, 2, 1, 508.6, 60),
	(1569, 'Trueblue - Blueberry 12x473ml', 3, 8, 1, 468.91, 57),
	(1570, 'Cream - 35%', 1, 1, 2, 565.51, 22),
	(1571, 'Bread - Rolls, Corn', 3, 2, 2, 482.37, 86),
	(1572, 'Squid U5 - Thailand', 3, 1, 1, 467.02, 64),
	(1573, 'Monkfish Fresh - Skin Off', 1, 3, 1, 456.67, 37),
	(1574, 'Beef - Top Sirloin - Aaa', 1, 2, 2, 875.42, 28),
	(1575, 'Wine - German Riesling', 3, 4, 2, 281.04, 93),
	(1576, 'Cake - Box Window 10x10x2.5', 3, 8, 2, 859.96, 6),
	(1577, 'Turkey - Ground. Lean', 1, 3, 1, 864.67, 28),
	(1578, 'Beer - Molson Excel', 3, 1, 1, 27.8, 92),
	(1579, 'Whmis Spray Bottle Graduated', 1, 6, 2, 999.79, 68),
	(1580, 'Zucchini - Yellow', 2, 5, 1, 425.95, 72),
	(1581, 'Liners - Baking Cups', 2, 2, 1, 943.78, 77),
	(1582, 'Bread - White, Sliced', 1, 2, 2, 110.23, 15),
	(1583, 'Wine - Magnotta, White', 3, 1, 2, 810.43, 79),
	(1584, 'Mousse - Banana Chocolate', 2, 1, 1, 549.87, 74),
	(1585, 'Cheese - Valancey', 3, 8, 2, 221.63, 24),
	(1586, 'Flour - Fast / Rapid', 1, 4, 2, 625.11, 25),
	(1587, 'Compound - Mocha', 2, 2, 2, 536.07, 93),
	(1588, 'Wine - White, Gewurtzraminer', 2, 1, 2, 291.59, 64),
	(1589, 'Wine - Niagara Peninsula Vqa', 2, 2, 1, 708.7, 79),
	(1590, 'Sultanas', 3, 7, 2, 596.61, 6),
	(1591, 'Pastry - Apple Large', 3, 6, 1, 154.96, 89),
	(1592, 'Shrimp - Black Tiger 6 - 8', 3, 2, 1, 907.7, 71),
	(1593, 'Pepper - Roasted Red', 3, 5, 1, 343.51, 1),
	(1594, 'Chocolate - Sugar Free Semi Choc', 2, 5, 1, 651.37, 67),
	(1595, 'Oil - Truffle, Black', 2, 1, 1, 15.16, 75),
	(1596, 'Turkey - Breast, Double', 3, 3, 2, 292.56, 18),
	(1597, 'Coffee Beans - Chocolate', 3, 7, 1, 935.96, 75),
	(1598, 'Tart Shells - Savory, 2', 2, 7, 2, 137.09, 100),
	(1599, 'Lettuce - Boston Bib - Organic', 3, 4, 2, 274.41, 11),
	(1600, 'Bay Leaf Ground', 1, 7, 2, 88.51, 33),
	(1601, 'Pork - Ham, Virginia', 2, 1, 2, 80.56, 17),
	(1602, 'Lamb - Ground', 1, 7, 2, 704.58, 98),
	(1603, 'Sobe - Cranberry Grapefruit', 1, 2, 2, 888.68, 57),
	(1604, 'Russian Prince', 1, 8, 2, 754.44, 58),
	(1605, 'Sun - Dried Tomatoes', 3, 4, 1, 809.71, 68),
	(1606, 'Flower - Potmums', 2, 4, 2, 714.08, 10),
	(1607, 'Trueblue - Blueberry', 2, 5, 2, 207.65, 99),
	(1608, 'Chicken - Leg, Fresh', 2, 1, 1, 63.6, 15),
	(1609, 'Artichoke - Fresh', 2, 1, 1, 882.61, 60),
	(1610, 'Capon - Breast, Wing On', 1, 2, 1, 45.36, 55),
	(1611, 'Butcher Twine 4r', 1, 4, 1, 309.08, 11),
	(1612, 'Lettuce - Boston Bib - Organic', 2, 8, 1, 711.18, 99),
	(1613, 'Oil - Truffle, Black', 1, 1, 1, 872.62, 91),
	(1614, 'Melon - Honey Dew', 1, 3, 2, 47.28, 98),
	(1615, 'Appetizer - Southwestern', 1, 6, 1, 988.04, 53),
	(1616, 'Mussels - Frozen', 1, 5, 2, 230.02, 23),
	(1617, 'Mustard Prepared', 2, 6, 1, 947.55, 73),
	(1618, 'Isomalt', 2, 2, 2, 718.68, 87),
	(1619, 'Galliano', 3, 4, 2, 674.72, 72),
	(1620, 'Wine - Carmenere Casillero Del', 2, 1, 1, 562.9, 96),
	(1621, 'Lettuce - Treviso', 3, 4, 2, 534.68, 56),
	(1622, 'Raisin - Dark', 2, 3, 2, 732.41, 53),
	(1623, 'Capon - Breast, Double, Wing On', 2, 4, 2, 548.75, 26),
	(1624, 'Wine - Trimbach Pinot Blanc', 3, 1, 1, 26.91, 76),
	(1625, 'Cactus Pads', 2, 8, 1, 874.07, 14),
	(1626, 'Pineapple - Golden', 3, 2, 1, 206.39, 50),
	(1627, 'Wine - Magnotta, White', 2, 8, 2, 240.16, 95),
	(1628, 'Cocoa Feuilletine', 2, 1, 2, 118.59, 77),
	(1629, 'Bread - Roll, Soft White Round', 3, 5, 1, 228.36, 76),
	(1630, 'Turnip - Wax', 3, 2, 2, 922.67, 96),
	(1631, 'Mcgillicuddy Vanilla Schnap', 3, 1, 2, 298.93, 4),
	(1632, 'Pepper - Red Thai', 3, 7, 2, 949.98, 15),
	(1633, 'Chicken - Breast, 5 - 7 Oz', 1, 6, 2, 528.28, 3),
	(1634, 'Wine - Trimbach Pinot Blanc', 1, 8, 1, 986.83, 65),
	(1635, 'Yogurt - Plain', 3, 4, 2, 597.08, 94),
	(1636, 'Bar Mix - Pina Colada, 355 Ml', 3, 4, 2, 820.75, 56),
	(1637, 'Jam - Raspberry', 3, 3, 2, 488.56, 1),
	(1638, 'Salmon - Sockeye Raw', 1, 4, 1, 751.66, 74),
	(1639, 'Beef - Kobe Striploin', 3, 2, 2, 638.86, 20),
	(1640, 'Beer - Steamwhistle', 3, 3, 2, 98.21, 10),
	(1641, 'Lidsoupcont Rp12dn', 2, 5, 1, 794.12, 49),
	(1642, 'Mustard - Dry, Powder', 2, 5, 2, 390.57, 17),
	(1643, 'Flour - Pastry', 3, 3, 2, 422.15, 74),
	(1644, 'Tea - Herbal Sweet Dreams', 3, 5, 1, 156.42, 50),
	(1645, 'Halibut - Whole, Fresh', 2, 7, 1, 696.51, 23),
	(1646, 'Toothpick Frilled', 2, 8, 2, 917.52, 27),
	(1647, 'Ice Cream - Life Savers', 2, 3, 2, 52.45, 26),
	(1648, 'Syrup - Pancake', 2, 5, 1, 418.24, 9),
	(1649, 'Ecolab - Hand Soap Form Antibac', 3, 3, 1, 398.7, 50),
	(1650, 'Potatoes - Parissienne', 2, 2, 2, 835.36, 29),
	(1651, 'Cookies - Englishbay Chochip', 3, 1, 2, 536.57, 19),
	(1652, 'Cheese - Victor Et Berthold', 1, 8, 1, 151.78, 82),
	(1653, 'Trout - Rainbow, Fresh', 1, 4, 2, 403.71, 100),
	(1654, 'Squid - U 5', 1, 7, 1, 153.92, 96),
	(1655, 'Cookies - Englishbay Chochip', 3, 1, 1, 999.08, 60),
	(1656, 'Table Cloth 54x54 Colour', 3, 8, 1, 392.26, 99),
	(1657, 'Wanton Wrap', 3, 1, 1, 685.23, 14),
	(1658, 'Turnip - Mini', 3, 8, 1, 728.18, 25),
	(1659, 'Lamb - Shoulder', 1, 8, 1, 773.86, 84),
	(1660, 'Cognac - Courvaisier', 2, 5, 2, 922.62, 55),
	(1661, 'Cookies - Englishbay Chochip', 3, 6, 2, 547.8, 4),
	(1662, 'Juice - Apple, 1.36l', 2, 3, 1, 11.16, 46),
	(1663, 'Cookie Dough - Chunky', 2, 8, 2, 183.68, 39),
	(1664, 'Trueblue - Blueberry 12x473ml', 3, 3, 1, 54.87, 95),
	(1665, 'Pork Loin Bine - In Frenched', 1, 2, 2, 384.89, 89),
	(1666, 'Lemonade - Mandarin, 591 Ml', 2, 7, 1, 733.84, 59),
	(1667, 'Cilantro / Coriander - Fresh', 3, 1, 1, 430.43, 48),
	(1668, 'Beer - Sleeman Fine Porter', 3, 4, 2, 55.01, 42),
	(1669, 'Mussels - Cultivated', 1, 4, 2, 442.26, 61),
	(1670, 'Beef Flat Iron Steak', 1, 2, 2, 146, 38),
	(1671, 'Scallops - 20/30', 2, 7, 2, 26.2, 28),
	(1672, 'Ginger - Crystalized', 2, 6, 2, 285.44, 22),
	(1673, 'Silicone Paper 16.5x24', 2, 2, 2, 726.4, 87),
	(1674, 'Pail - 4l White, With Handle', 1, 5, 2, 412.64, 75),
	(1675, 'Versatainer Nc - 9388', 2, 8, 2, 376.03, 34),
	(1676, 'Honey - Comb', 1, 5, 2, 561.71, 46),
	(1677, 'Garlic Powder', 2, 4, 1, 586.63, 84),
	(1678, 'Oats Large Flake', 1, 8, 1, 245.2, 94),
	(1679, 'Celery Root', 2, 4, 1, 418.27, 86),
	(1680, 'Water - Spring Water, 355 Ml', 1, 8, 2, 741.03, 27),
	(1681, 'Yogurt - Plain', 2, 1, 2, 823.04, 80),
	(1682, 'Turkey - Oven Roast Breast', 2, 8, 2, 51.96, 2),
	(1683, 'Hand Towel', 1, 2, 1, 708.34, 29),
	(1684, 'Wine - Riesling Alsace Ac 2001', 3, 1, 2, 747.27, 28),
	(1685, 'Turkey - Breast, Smoked', 1, 6, 2, 795.35, 54),
	(1686, 'Artichokes - Knobless, White', 1, 8, 2, 807.49, 88),
	(1687, 'Stock - Beef, White', 2, 6, 1, 887.9, 52),
	(1688, 'Venison - Denver Leg Boneless', 2, 4, 1, 188.56, 54),
	(1689, 'Chocolate - Mi - Amere Semi', 1, 2, 1, 861.19, 52),
	(1690, 'Beef Dry Aged Tenderloin Aaa', 3, 4, 2, 156.39, 19),
	(1691, 'Wine - Red, Colio Cabernet', 3, 1, 1, 705.17, 59),
	(1692, 'Sea Bass - Fillets', 2, 3, 2, 146.2, 40),
	(1693, 'Chips - Potato Jalapeno', 2, 7, 2, 289.81, 95),
	(1694, 'C - Plus, Orange', 3, 5, 1, 162.28, 64),
	(1695, 'Sesame Seed Black', 1, 6, 2, 55.81, 79),
	(1696, 'Kaffir Lime Leaves', 2, 4, 1, 170.98, 71),
	(1697, 'Tea - Decaf Lipton', 2, 7, 1, 506.34, 61),
	(1698, 'Ice Cream - Life Savers', 2, 8, 1, 755.78, 67),
	(1699, 'Chicken - Base', 3, 7, 2, 802.98, 67),
	(1700, 'Extract - Almond', 2, 1, 1, 608.03, 10),
	(1701, 'Pasta - Detalini, White, Fresh', 3, 1, 1, 101.26, 6),
	(1702, 'Turkey - Whole, Fresh', 1, 7, 1, 47.37, 59),
	(1703, 'Wine - White Cab Sauv.on', 3, 8, 2, 807.36, 14),
	(1704, 'Snapple - Mango Maddness', 1, 8, 2, 776.69, 84),
	(1705, 'Bread - Dark Rye, Loaf', 3, 8, 2, 839.47, 92),
	(1706, 'Honey - Comb', 1, 7, 2, 184.88, 76),
	(1707, 'Shrimp - Baby, Cold Water', 1, 4, 2, 528.97, 59),
	(1708, 'Bread - Focaccia Quarter', 1, 3, 1, 463.49, 49),
	(1709, 'Water, Tap', 3, 8, 1, 870.21, 35),
	(1710, 'Lychee', 3, 3, 1, 165.61, 61),
	(1711, 'Sauce - Oyster', 3, 2, 2, 441.6, 74),
	(1712, 'Glycerine', 3, 7, 2, 868.99, 87),
	(1713, 'Pectin', 2, 6, 1, 735.25, 31),
	(1714, 'Energy Drink - Franks Original', 1, 7, 1, 437.84, 10),
	(1715, 'V8 Pet', 3, 6, 2, 459.22, 22),
	(1716, 'Lamb - Whole, Frozen', 3, 1, 1, 486.63, 13),
	(1717, 'Lamb - Shanks', 3, 1, 2, 180.48, 28),
	(1718, 'French Pastry - Mini Chocolate', 2, 2, 2, 389.19, 80),
	(1719, 'Cheese Cloth No 60', 1, 4, 2, 77.85, 64),
	(1720, 'Veal - Loin', 1, 3, 1, 339.33, 99),
	(1721, 'Oil - Hazelnut', 2, 6, 2, 532.32, 7),
	(1722, 'Lighter - Bbq', 1, 3, 1, 150.43, 68),
	(1723, 'Bread - Crumbs, Bulk', 2, 6, 1, 918.93, 96),
	(1724, 'Sour Cream', 2, 2, 2, 934.99, 3),
	(1725, 'Bread - Kimel Stick Poly', 3, 6, 1, 592.62, 84),
	(1726, 'Flax Seed', 2, 1, 1, 511.78, 1),
	(1727, 'Chick Peas - Canned', 2, 8, 1, 94.43, 23),
	(1728, 'Appetizer - Escargot Puff', 1, 8, 2, 971.82, 42),
	(1729, 'Curry Paste - Green Masala', 2, 2, 1, 50.2, 99),
	(1730, 'Tarts Assorted', 1, 3, 1, 438.19, 2),
	(1731, 'Wine - White, Antinore Orvieto', 3, 2, 2, 935.86, 74),
	(1732, 'Whmis - Spray Bottle Trigger', 1, 5, 1, 202.41, 24),
	(1733, 'Ice - Clear, 300 Lb For Carving', 2, 2, 1, 309.84, 51),
	(1734, 'Bread - Multigrain, Loaf', 3, 4, 1, 590.03, 61),
	(1735, 'Bread - Bistro White', 3, 6, 2, 678.19, 73),
	(1736, 'Syrup - Golden, Lyles', 1, 1, 1, 82.62, 54),
	(1737, 'Wine La Vielle Ferme Cote Du', 2, 5, 2, 924.03, 87),
	(1738, 'Bread - Petit Baguette', 2, 6, 2, 498.62, 65),
	(1739, 'Brandy Apricot', 2, 3, 1, 178.44, 59),
	(1740, 'Brandy Cherry - Mcguinness', 3, 5, 2, 562.22, 84),
	(1741, 'Crackers - Melba Toast', 1, 4, 2, 377.05, 47),
	(1742, 'Liners - Banana, Paper', 2, 7, 2, 71.92, 97),
	(1743, 'Beef - Kindney, Whole', 3, 2, 1, 341.82, 57),
	(1744, 'Longos - Chicken Wings', 3, 4, 1, 64.23, 41),
	(1745, 'Oregano - Dry, Rubbed', 1, 7, 2, 704.51, 64),
	(1746, 'Wine - Riesling Alsace Ac 2001', 3, 2, 1, 519.1, 62),
	(1747, 'Cups 10oz Trans', 2, 4, 2, 777.28, 2),
	(1748, 'Wine - Manischewitz Concord', 2, 5, 1, 733.47, 31),
	(1749, 'Bandage - Fexible 1x3', 1, 8, 1, 992.93, 36),
	(1750, 'Beans - Turtle, Black, Dry', 1, 8, 1, 417.37, 28),
	(1751, 'Veal - Insides Provini', 2, 6, 1, 237.21, 66),
	(1752, 'Chicken - Soup Base', 1, 5, 1, 927.17, 25),
	(1753, 'Cookies - Oreo, 4 Pack', 1, 8, 1, 326.99, 3),
	(1754, 'Vinegar - Cider', 1, 6, 1, 286.91, 50),
	(1755, 'Brandy - Bar', 3, 7, 1, 746.84, 75),
	(1756, 'Wine - Puligny Montrachet A.', 2, 2, 2, 905.91, 52),
	(1757, 'Juice - Apple 284ml', 3, 5, 1, 559.29, 14),
	(1758, 'Mushroom - Portebello', 3, 3, 1, 858.05, 9),
	(1759, 'Pheasants - Whole', 2, 5, 2, 201.28, 49),
	(1760, 'Frangelico', 3, 8, 1, 677.08, 13),
	(1761, 'Extract - Lemon', 3, 5, 2, 887.15, 76),
	(1762, 'Pasta - Fettuccine, Dry', 3, 6, 1, 786.48, 60),
	(1763, 'Straw - Regular', 2, 1, 2, 870.63, 97),
	(1764, 'Pasta - Penne, Rigate, Dry', 1, 3, 1, 471.5, 66),
	(1765, 'Numi - Assorted Teas', 2, 6, 1, 358.91, 75),
	(1766, 'Apricots - Dried', 2, 3, 2, 535.88, 41),
	(1767, 'Persimmons', 2, 6, 2, 614.04, 49),
	(1768, 'Pasta - Penne, Rigate, Dry', 3, 4, 2, 523.04, 78),
	(1769, 'Wine - Puligny Montrachet A.', 3, 4, 1, 462.26, 46),
	(1770, 'Onions - White', 1, 7, 1, 774.08, 11),
	(1771, 'Muffin Mix - Morning Glory', 3, 1, 2, 511.24, 71),
	(1772, 'Scallops - 20/30', 2, 2, 1, 672.94, 25),
	(1773, 'Appetizer - Mushroom Tart', 3, 1, 2, 850.78, 43),
	(1774, 'Veal - Eye Of Round', 1, 6, 2, 382.79, 56),
	(1775, 'Banana', 1, 5, 1, 383.02, 41),
	(1776, 'Octopus', 1, 2, 1, 484.27, 86),
	(1777, 'Pasta - Gnocchi, Potato', 3, 2, 1, 730.84, 72),
	(1778, 'Asparagus - White, Fresh', 2, 8, 2, 600.71, 71),
	(1779, 'Wasabi Paste', 3, 5, 2, 292.95, 37),
	(1780, 'Appetizer - Veg Assortment', 3, 2, 1, 784.1, 80),
	(1781, 'Split Peas - Yellow, Dry', 1, 3, 2, 815.75, 50),
	(1782, 'Lamb - Shoulder, Boneless', 3, 3, 2, 262.6, 50),
	(1783, 'Plasticknivesblack', 1, 8, 2, 685.53, 12),
	(1784, 'Ecolab - Hobart Upr Prewash Arm', 2, 7, 2, 413.15, 9),
	(1785, 'Vinegar - Red Wine', 1, 8, 1, 26.33, 8),
	(1786, 'Arizona - Green Tea', 1, 4, 1, 67.89, 7),
	(1787, 'Cheese - Ricotta', 2, 8, 1, 757.99, 100),
	(1788, 'Contreau', 3, 3, 2, 908.04, 80),
	(1789, 'Pastry - Banana Tea Loaf', 2, 3, 2, 654.33, 67),
	(1790, 'Initation Crab Meat', 2, 1, 1, 720.22, 2),
	(1791, 'Table Cloth 54x72 Colour', 1, 3, 2, 135.23, 74),
	(1792, 'Jam - Marmalade, Orange', 1, 6, 1, 443.61, 3),
	(1793, 'Cabbage - Savoy', 3, 5, 1, 291.28, 16),
	(1794, 'Beans - Kidney, Canned', 1, 4, 2, 266.39, 26),
	(1795, 'Chivas Regal - 12 Year Old', 2, 4, 2, 388.85, 65),
	(1796, 'Napkin Colour', 2, 1, 2, 215.13, 36),
	(1797, 'Silicone Parch. 16.3x24.3', 1, 7, 2, 731.12, 89),
	(1798, 'Cup - 6oz, Foam', 1, 6, 2, 865.17, 79),
	(1799, 'Pail With Metal Handle 16l White', 3, 2, 2, 120.76, 43),
	(1800, 'Cocoa Butter', 3, 8, 2, 734.72, 66),
	(1801, 'Crackers - Graham', 1, 8, 2, 525.41, 86),
	(1802, 'Nantucket - Carrot Orange', 3, 2, 2, 13.53, 2),
	(1803, 'Bag - Regular Kraft 20 Lb', 1, 8, 1, 566.08, 63),
	(1804, 'Persimmons', 3, 3, 1, 286.39, 71),
	(1805, 'Long Island Ice Tea', 2, 6, 1, 973.99, 4),
	(1806, 'Roe - White Fish', 1, 2, 2, 948.73, 91),
	(1807, 'Grapes - Red', 1, 1, 1, 840.27, 88),
	(1808, 'Pepper - Black, Crushed', 2, 1, 2, 593.33, 50),
	(1809, 'Wine - Conde De Valdemar', 1, 1, 2, 155.76, 97),
	(1810, 'Banana - Green', 3, 7, 2, 338.35, 74),
	(1811, 'Chicken - Bones', 1, 7, 1, 271.32, 3),
	(1812, 'Tea - Grapefruit Green Tea', 2, 3, 1, 459.36, 63),
	(1813, 'Pastry - Cheese Baked Scones', 2, 7, 1, 751.17, 75),
	(1814, 'Veal - Loin', 3, 4, 1, 976.76, 82),
	(1815, 'Cut Wakame - Hanawakaba', 1, 5, 1, 895.07, 73),
	(1816, 'Buffalo - Tenderloin', 2, 1, 2, 354.17, 47),
	(1817, 'Tea - Herbal Orange Spice', 3, 5, 1, 248.88, 31),
	(1818, 'Peach - Fresh', 2, 2, 2, 72.53, 79),
	(1819, 'Towel - Roll White', 3, 7, 2, 912.32, 32),
	(1820, 'Nescafe - Frothy French Vanilla', 2, 2, 2, 469.41, 38),
	(1821, 'Beef - Flank Steak', 3, 4, 1, 753.63, 87),
	(1822, 'Juice - Pineapple, 341 Ml', 1, 5, 2, 446.57, 62),
	(1823, 'Sorrel - Fresh', 1, 4, 2, 422.35, 24),
	(1824, 'Beef - Chuck, Boneless', 1, 2, 2, 862.18, 94),
	(1825, 'Vinegar - Balsamic', 3, 7, 2, 721.65, 46),
	(1826, 'Veal - Leg', 2, 5, 2, 673.16, 36),
	(1827, 'Wine - Rioja Campo Viejo', 1, 1, 2, 655.87, 54),
	(1828, 'Cheese - Gouda Smoked', 3, 4, 1, 173.22, 10),
	(1829, 'Wine - Red, Marechal Foch', 1, 4, 1, 112.09, 12),
	(1830, 'Lamb Leg - Bone - In Nz', 3, 2, 1, 885.45, 56),
	(1831, 'Bread - Sour Batard', 2, 6, 2, 282.19, 16),
	(1832, 'Butter - Salted, Micro', 1, 7, 1, 85.8, 74),
	(1833, 'Juice - Clam, 46 Oz', 2, 4, 2, 650.58, 78),
	(1834, 'Veal - Sweetbread', 2, 7, 2, 841.13, 56),
	(1835, 'Towel - Roll White', 2, 3, 2, 588.62, 21),
	(1836, 'Energy Drink - Franks Original', 2, 8, 1, 906.33, 10),
	(1837, 'Apple - Royal Gala', 1, 6, 2, 251.24, 7),
	(1838, 'Brandy - Bar', 1, 7, 1, 498.54, 70),
	(1839, 'Beans - Fine', 3, 2, 1, 953.38, 42),
	(1840, 'Beef - Roasted, Cooked', 2, 5, 2, 606.24, 40),
	(1841, 'Onions - White', 2, 7, 2, 922.48, 16),
	(1842, 'Tuna - Fresh', 1, 2, 2, 260.34, 57),
	(1843, 'Cheese - Gouda Smoked', 2, 7, 1, 782.45, 92),
	(1844, 'Beef Striploin Aaa', 1, 4, 1, 447.35, 61),
	(1845, 'Veal - Inside, Choice', 2, 5, 2, 795.31, 75),
	(1846, 'Star Anise, Whole', 3, 2, 2, 972.65, 70),
	(1847, 'Wine - Crozes Hermitage E.', 2, 1, 2, 837.38, 28),
	(1848, 'Chutney Sauce', 3, 3, 1, 56.99, 30),
	(1849, 'Veal - Round, Eye Of', 1, 3, 1, 565.18, 91),
	(1850, 'Cheese - Romano, Grated', 2, 8, 2, 67.66, 61),
	(1851, 'Container Clear 8 Oz', 1, 8, 2, 866.71, 82),
	(1852, 'Apple - Custard', 1, 4, 2, 432.94, 59),
	(1853, 'Steamers White', 3, 3, 1, 774.64, 47),
	(1854, 'Cookies - Englishbay Wht', 2, 4, 2, 995.93, 75),
	(1855, 'Bar Mix - Lime', 1, 8, 1, 279.41, 22),
	(1856, 'True - Vue Containers', 2, 8, 2, 609.04, 96),
	(1857, 'Red Cod Fillets - 225g', 3, 3, 2, 131.93, 86),
	(1858, 'Daves Island Stinger', 1, 8, 2, 889.83, 100),
	(1859, 'Blouse / Shirt / Sweater', 3, 7, 2, 466.82, 75),
	(1860, 'Soup - Campbells, Creamy', 1, 6, 2, 36.74, 28),
	(1861, 'Appetizer - Sausage Rolls', 2, 4, 1, 838.52, 8),
	(1862, 'Sorrel - Fresh', 1, 7, 1, 494.08, 10),
	(1863, 'Straws - Cocktale', 2, 4, 1, 973.14, 56),
	(1864, 'Maple Syrup', 3, 6, 2, 667.14, 70),
	(1865, 'Jam - Apricot', 1, 8, 2, 511.85, 46),
	(1866, 'Cheese - Feta', 3, 1, 1, 259.21, 69),
	(1867, 'Wine - Winzer Krems Gruner', 3, 3, 1, 432.26, 38),
	(1868, 'Food Colouring - Pink', 1, 3, 1, 619.14, 73),
	(1869, 'Muffin Hinge 117n', 1, 5, 1, 877.37, 18),
	(1870, 'Water - Green Tea Refresher', 1, 3, 2, 803.27, 83),
	(1871, 'Beer - Pilsner Urquell', 1, 8, 1, 258.13, 100),
	(1872, 'Everfresh Products', 1, 8, 2, 783.45, 9),
	(1873, 'Cabbage - Nappa', 3, 7, 2, 726.48, 90),
	(1874, 'Jam - Blackberry, 20 Ml Jar', 1, 6, 2, 412.42, 34),
	(1875, 'Chicken - Leg, Fresh', 3, 1, 1, 530.39, 56),
	(1876, 'Juice - Orange 1.89l', 1, 3, 2, 739.9, 7),
	(1877, 'Milk - Condensed', 2, 5, 2, 954.67, 92),
	(1878, 'Vodka - Hot, Lnferno', 1, 8, 1, 925.46, 32),
	(1879, 'Pop Shoppe Cream Soda', 3, 2, 2, 279.81, 59),
	(1880, 'Chip - Potato Dill Pickle', 2, 3, 1, 797.13, 11),
	(1881, 'Sprouts - Onion', 3, 1, 1, 902.14, 88),
	(1882, 'Mousse - Passion Fruit', 1, 4, 1, 566.63, 99),
	(1883, 'Cotton Wet Mop 16 Oz', 2, 1, 2, 396.38, 68),
	(1884, 'Pork Loin Bine - In Frenched', 3, 3, 2, 474.4, 83),
	(1885, 'Wine - Periguita Fonseca', 2, 8, 2, 866.04, 5),
	(1886, 'Chips Potato Salt Vinegar 43g', 2, 2, 1, 304.77, 67),
	(1887, 'Sauce - Hollandaise', 1, 7, 2, 483.32, 73),
	(1888, 'Yucca', 3, 1, 1, 686.98, 68),
	(1889, 'Brownies - Two Bite, Chocolate', 3, 7, 1, 539.37, 20),
	(1890, 'Artichokes - Jerusalem', 1, 7, 2, 697.94, 28),
	(1891, 'Thermometer Digital', 3, 2, 2, 32.35, 3),
	(1892, 'Bread Base - Italian', 3, 5, 2, 454.37, 64),
	(1893, 'Cheese - Victor Et Berthold', 1, 3, 2, 225.61, 7),
	(1894, 'Chocolate - Liqueur Cups With Foil', 1, 4, 1, 23.32, 48),
	(1895, 'Lemonade - Natural, 591 Ml', 2, 4, 2, 954.74, 33),
	(1896, 'Beef - Ox Tail, Frozen', 2, 5, 1, 58.32, 19),
	(1897, 'Spinach - Packaged', 1, 5, 1, 602.53, 54),
	(1898, 'Dehydrated Kelp Kombo', 3, 7, 2, 984.53, 44),
	(1899, 'Raspberries - Frozen', 1, 6, 2, 159.3, 10),
	(1900, 'Yogurt - Raspberry, 175 Gr', 1, 1, 1, 161.74, 46),
	(1901, 'Cheese - Havarti, Salsa', 2, 4, 2, 702.64, 34),
	(1902, 'Beer - Sleeman Fine Porter', 1, 4, 2, 370.07, 96),
	(1903, 'Pasta - Penne, Rigate, Dry', 2, 5, 1, 374.04, 25),
	(1904, 'Beef - Cow Feet Split', 1, 1, 1, 510.94, 6),
	(1905, 'Hersey Shakes', 2, 7, 1, 118.52, 52),
	(1906, 'Blouse / Shirt / Sweater', 1, 8, 1, 90.61, 41),
	(1907, 'Mustard - Dijon', 2, 4, 2, 5.94, 55),
	(1908, 'Chips Potato Reg 43g', 1, 5, 2, 497.75, 79),
	(1909, 'Pasta - Canelloni, Single Serve', 3, 5, 2, 954.93, 62),
	(1910, 'Oxtail - Cut', 2, 4, 1, 439.17, 5),
	(1911, 'Wine - Red, Pinot Noir, Chateau', 1, 4, 1, 377.09, 17),
	(1912, 'Canadian Emmenthal', 1, 3, 2, 26.69, 44),
	(1913, 'Muffin Chocolate Individual Wrap', 2, 5, 1, 216.24, 47),
	(1914, 'Flounder - Fresh', 1, 7, 2, 420.39, 26),
	(1915, 'Pork - Suckling Pig', 3, 1, 1, 96.91, 44),
	(1916, 'Lettuce - Arugula', 1, 8, 1, 285.76, 65),
	(1917, 'Sproutsmustard Cress', 2, 5, 1, 487.11, 2),
	(1918, 'Glass Clear 7 Oz Xl', 3, 7, 2, 320.25, 70),
	(1919, 'Mushroom - Oyster, Fresh', 3, 4, 1, 382.56, 13),
	(1920, 'Pork - Sausage Casing', 2, 6, 2, 342.82, 37),
	(1921, 'Squid - U 5', 2, 6, 2, 788.86, 45),
	(1922, 'Steam Pan - Half Size Deep', 1, 1, 1, 681.84, 54),
	(1923, 'Soup - Campbells Beef Stew', 1, 8, 1, 812.25, 98),
	(1924, 'Wine - Red, Pinot Noir, Chateau', 2, 5, 2, 721.77, 70),
	(1925, 'Cheese - Comtomme', 1, 8, 1, 580.45, 38),
	(1926, 'Shrimp, Dried, Small / Lb', 1, 3, 1, 183.11, 26),
	(1927, 'Towels - Paper / Kraft', 1, 6, 1, 959.2, 77),
	(1928, 'Chicken - Whole Fryers', 1, 7, 2, 891.8, 41),
	(1929, 'Wine - Red, Gallo, Merlot', 3, 2, 1, 86.24, 4),
	(1930, 'Mushroom - Porcini, Dry', 1, 3, 1, 32.65, 58),
	(1931, 'Cheese - Havarti, Roasted Garlic', 3, 7, 1, 277.86, 49),
	(1932, 'Kiwano', 3, 1, 2, 941.98, 16),
	(1933, 'Bread - Burger', 2, 3, 1, 818.92, 21),
	(1934, 'Soupcontfoam16oz 116con', 1, 1, 2, 360.6, 26),
	(1935, 'Wine - White, Riesling, Henry Of', 2, 4, 2, 662.54, 29),
	(1936, 'Prunes - Pitted', 3, 6, 2, 93.78, 19),
	(1937, 'Lid - 10,12,16 Oz', 1, 1, 2, 526.53, 34),
	(1938, 'Table Cloth - 53x69 Colour', 3, 3, 2, 878.21, 10),
	(1939, 'Wine - Chateau Aqueria Tavel', 3, 7, 1, 443.36, 11),
	(1940, 'Doilies - 7, Paper', 2, 5, 1, 918.84, 63),
	(1941, 'Beer - Molson Excel', 3, 5, 2, 727.16, 36),
	(1942, 'Turnip - Wax', 3, 5, 1, 648.13, 31),
	(1943, 'Apple - Granny Smith', 1, 8, 1, 824.47, 95),
	(1944, 'Sprouts - Peppercress', 1, 8, 2, 46.1, 70),
	(1945, 'Chicken - Bones', 2, 3, 1, 774.75, 50),
	(1946, 'Longos - Grilled Veg Sandwiches', 2, 6, 1, 37.92, 51),
	(1947, 'Cheese - Brick With Pepper', 3, 8, 1, 173.49, 60),
	(1948, 'Vinegar - White Wine', 1, 1, 2, 677.41, 52),
	(1949, 'Seaweed Green Sheets', 3, 2, 2, 73.86, 64),
	(1950, 'Rum - Dark, Bacardi, Black', 1, 4, 1, 22.86, 21),
	(1951, 'Chicken - Tenderloin', 1, 3, 1, 653.31, 46),
	(1952, 'Olive - Spread Tapenade', 3, 6, 2, 884.1, 33),
	(1953, 'Wine - Alsace Gewurztraminer', 1, 5, 2, 779.19, 82),
	(1954, 'Anchovy Fillets', 2, 7, 1, 351.62, 38),
	(1955, 'Wine - Remy Pannier Rose', 2, 7, 2, 451.01, 34),
	(1956, 'Pepper - Paprika, Spanish', 3, 8, 2, 245.41, 46),
	(1957, 'Tomatoes - Vine Ripe, Yellow', 1, 4, 1, 336.53, 23),
	(1958, 'Pepper - Orange', 3, 6, 2, 563, 99),
	(1959, 'Lettuce - Baby Salad Greens', 2, 4, 2, 671.25, 47),
	(1960, 'Pepper - White, Whole', 3, 3, 2, 305.67, 85),
	(1961, 'Tomatoes - Heirloom', 2, 2, 2, 79.18, 72),
	(1962, 'Sage Derby', 3, 3, 1, 742.3, 73),
	(1963, 'Soupcontfoam16oz 116con', 1, 7, 1, 8.69, 98),
	(1964, 'Pepper - Cayenne', 1, 7, 1, 804.51, 10),
	(1965, 'Lamb - Leg, Diced', 1, 5, 2, 376.95, 25),
	(1966, 'Beef - Baby, Liver', 2, 4, 1, 82.14, 4),
	(1967, 'Dried Peach', 3, 2, 2, 302.2, 69),
	(1968, 'Fireball Whisky', 3, 4, 2, 472.43, 65),
	(1969, 'Pumpkin', 2, 7, 2, 841.24, 19),
	(1970, 'Longos - Lasagna Beef', 1, 8, 1, 298.71, 98),
	(1971, 'Pork - Ham Hocks - Smoked', 2, 2, 2, 450.03, 73),
	(1972, 'Cheese - Gouda', 3, 8, 2, 773.93, 96),
	(1973, 'Coffee - Ristretto Coffee Capsule', 2, 4, 1, 96.25, 22),
	(1974, 'Nut - Almond, Blanched, Whole', 1, 8, 2, 269.55, 93),
	(1975, 'Apple - Delicious, Golden', 1, 1, 2, 147.5, 30),
	(1976, 'Milk - Chocolate 500ml', 3, 8, 2, 970.94, 46),
	(1977, 'Wine - German Riesling', 1, 8, 1, 71.08, 59),
	(1978, 'Lamb - Shoulder, Boneless', 2, 5, 2, 37.16, 96),
	(1979, 'Juice - V8, Tomato', 1, 7, 2, 882.26, 59),
	(1980, 'Tarragon - Primerba, Paste', 3, 2, 1, 612.04, 54),
	(1981, 'Hold Up Tool Storage Rack', 1, 4, 2, 195.53, 80),
	(1982, 'Oil - Food, Lacquer Spray', 3, 2, 2, 566.45, 85),
	(1983, 'Duck - Legs', 2, 4, 1, 983.51, 90),
	(1984, 'Dawn Professionl Pot And Pan', 2, 5, 2, 78.32, 7),
	(1985, 'Avocado', 1, 6, 2, 495.29, 12),
	(1986, 'Cheese - Parmesan Cubes', 3, 8, 2, 694.74, 64),
	(1987, 'Coffee - Hazelnut Cream', 3, 7, 1, 221.84, 77),
	(1988, 'Salmon - Sockeye Raw', 2, 4, 1, 784.04, 54),
	(1989, 'Steel Wool S.o.s', 3, 4, 2, 113.67, 83),
	(1990, 'Pepper - Cubanelle', 2, 7, 1, 555.18, 88),
	(1991, 'Tandoori Curry Paste', 1, 1, 2, 964.52, 7),
	(1992, 'Island Oasis - Banana Daiquiri', 1, 7, 1, 324.74, 27),
	(1993, 'Bagel - Ched Chs Presliced', 1, 8, 1, 748.63, 38),
	(1994, 'Cleaner - Comet', 2, 4, 1, 354.46, 20),
	(1995, 'Wine - Red, Cabernet Merlot', 3, 5, 1, 97.94, 34),
	(1996, 'Tomatoes - Vine Ripe, Red', 1, 7, 2, 741.63, 78),
	(1997, 'Soup - Cream Of Broccoli', 1, 6, 2, 633.76, 12),
	(1998, 'Coconut Milk - Unsweetened', 1, 3, 2, 699.38, 36),
	(1999, 'Carrots - Purple, Organic', 1, 8, 1, 622.24, 21),
	(2000, 'Pasta - Penne Primavera, Single', 3, 3, 1, 381.89, 63),
	(2001, 'Bread - Pita', 2, 1, 2, 580.18, 91),
	(2002, 'Beef - Rib Eye Aaa', 1, 1, 1, 36.18, 49),
	(2003, 'Bacon Strip Precooked', 2, 2, 2, 5.47, 60),
	(2004, 'Chocolate - Milk, Callets', 1, 5, 2, 833.83, 82),
	(2005, 'Longan', 2, 2, 1, 487.07, 11),
	(2006, 'Wine - Kwv Chenin Blanc South', 1, 7, 1, 256.28, 71),
	(2007, 'Cheese Cloth No 100', 1, 1, 1, 398.66, 40),
	(2008, 'Chocolate - Compound Coating', 3, 1, 2, 32.34, 75),
	(2009, 'Urban Zen Drinks', 2, 8, 2, 520.53, 98),
	(2010, 'Onions - Vidalia', 1, 5, 2, 226.15, 83),
	(2011, 'Lettuce Romaine Chopped', 3, 1, 2, 849.6, 65),
	(2012, 'Cookies - Assorted', 1, 8, 1, 269.78, 84),
	(2013, 'Kirsch - Schloss', 1, 7, 2, 801.22, 54),
	(2014, 'Pastry - Key Limepoppy Seed Tea', 3, 8, 1, 508.93, 40),
	(2015, 'Cinnamon Buns Sticky', 2, 2, 1, 75.81, 13),
	(2016, 'Chambord Royal', 1, 7, 2, 3.26, 45),
	(2017, 'Cocoa Powder - Dutched', 2, 5, 2, 360.8, 99),
	(2018, 'Cheese - Brie Roitelet', 2, 8, 1, 914.19, 37),
	(2019, 'Rabbit - Whole', 1, 1, 1, 370.79, 12),
	(2020, 'Rum - Coconut, Malibu', 1, 2, 1, 815.84, 55),
	(2021, 'Olives - Stuffed', 1, 2, 1, 405.77, 20),
	(2022, 'Radish - Pickled', 3, 1, 2, 460.68, 27),
	(2023, 'Chocolate - Dark', 1, 8, 1, 174.57, 36),
	(2024, 'Sobe - Berry Energy', 3, 1, 2, 433.28, 62),
	(2025, 'Beer - Blue', 3, 6, 1, 903.11, 76),
	(2026, 'Lettuce - Iceberg', 2, 5, 1, 579.76, 13),
	(2027, 'Bread Country Roll', 2, 2, 1, 907.43, 47),
	(2028, 'Sugar - Brown, Individual', 1, 8, 2, 208.13, 53),
	(2029, 'Daikon Radish', 1, 7, 2, 353.81, 8),
	(2030, 'Chips Potato Swt Chilli Sour', 1, 2, 2, 870.63, 92),
	(2031, 'Cod - Salted, Boneless', 1, 6, 2, 373.87, 36),
	(2032, 'Appetizer - Escargot Puff', 3, 8, 1, 168.19, 64),
	(2033, 'Chives - Fresh', 3, 3, 2, 443.72, 3),
	(2034, 'Chicken - Tenderloin', 3, 6, 1, 46.89, 76),
	(2035, 'Russian Prince', 3, 7, 1, 687.19, 9),
	(2036, 'Coconut - Shredded, Unsweet', 3, 8, 1, 542.16, 85),
	(2037, 'Appetizer - Smoked Salmon / Dill', 3, 5, 2, 720.01, 100),
	(2038, 'Cake Circle, Paprus', 2, 8, 2, 599.67, 67),
	(2039, 'Longos - Lasagna Veg', 2, 8, 2, 435.38, 95),
	(2040, 'Quail - Whole, Bone - In', 2, 1, 2, 76.51, 81),
	(2041, 'Turkey Tenderloin Frozen', 3, 4, 2, 615.27, 63),
	(2042, 'Loquat', 3, 2, 2, 425.02, 36),
	(2043, 'Beef Ground Medium', 3, 5, 2, 138.67, 91),
	(2044, 'White Baguette', 3, 4, 1, 397.8, 89),
	(2045, 'Tia Maria', 2, 7, 2, 124.86, 67),
	(2046, 'Eggs - Extra Large', 1, 2, 2, 416.6, 21),
	(2047, 'Rice - Wild', 3, 6, 1, 623.88, 59),
	(2048, 'Nantuket Peach Orange', 2, 4, 2, 103.74, 75),
	(2049, 'Soup Campbells Split Pea And Ham', 1, 2, 1, 256.76, 66),
	(2050, 'Thyme - Lemon, Fresh', 3, 7, 1, 541.95, 26),
	(2051, 'Onions - Cooking', 1, 1, 2, 223.21, 49),
	(2052, 'Pork - Liver', 2, 6, 1, 524.7, 20),
	(2053, 'Soup - French Onion', 1, 5, 2, 966.33, 90),
	(2054, 'Extract - Vanilla,artificial', 2, 1, 2, 279.03, 54),
	(2055, 'Lid - High Heat, Super Clear', 3, 7, 1, 186.59, 7),
	(2056, 'Fish - Bones', 1, 6, 1, 931.78, 4),
	(2057, 'Dried Cherries', 2, 2, 1, 815.27, 76),
	(2058, 'Cake Slab', 3, 6, 1, 746.93, 24),
	(2059, 'Nacho Chips', 3, 8, 2, 270.75, 41),
	(2060, 'Pears - Bartlett', 2, 6, 1, 423.55, 71),
	(2061, 'Piping - Bags Quizna', 2, 2, 1, 165.2, 92),
	(2062, 'Shrimp - Tiger 21/25', 3, 3, 1, 237.42, 67),
	(2063, 'Kahlua', 1, 8, 1, 166.23, 94),
	(2064, 'Pasta - Cheese / Spinach Bauletti', 2, 6, 2, 320.3, 77),
	(2065, 'Beef - Montreal Smoked Brisket', 3, 1, 1, 681.72, 66),
	(2066, 'Tomatoes - Orange', 2, 2, 1, 757.93, 36),
	(2067, 'Muffin Batt - Blueberry Passion', 1, 2, 1, 149.1, 99),
	(2068, 'Venison - Ground', 1, 3, 1, 530.09, 70),
	(2069, 'Lotus Root', 3, 1, 2, 467.79, 80),
	(2070, 'Edible Flower - Mixed', 3, 1, 1, 676.04, 15),
	(2071, 'Oil - Avocado', 3, 3, 2, 868.42, 6),
	(2072, 'Gelatine Leaves - Bulk', 2, 8, 1, 572.1, 17),
	(2073, 'Bagel - Everything', 2, 1, 2, 686.19, 99),
	(2074, 'Ecolab - Hand Soap Form Antibac', 2, 5, 1, 813.86, 62),
	(2075, 'Parsley Italian - Fresh', 2, 7, 2, 685.03, 44),
	(2076, 'Kellogs Special K Cereal', 2, 3, 1, 558.27, 51),
	(2077, 'Wine - Manischewitz Concord', 2, 1, 1, 761.35, 93),
	(2078, 'Juice - Orange, Concentrate', 3, 2, 1, 701.14, 76),
	(2079, 'Melon - Watermelon Yellow', 2, 2, 2, 189.2, 32),
	(2080, 'Pie Pecan', 2, 8, 2, 145.17, 69),
	(2081, 'Devonshire Cream', 3, 6, 1, 403.44, 98),
	(2082, 'Pasta - Shells, Medium, Dry', 2, 8, 1, 569.21, 60),
	(2083, 'Southern Comfort', 3, 5, 2, 976.98, 79),
	(2084, 'Wine - Shiraz Wolf Blass Premium', 3, 3, 1, 274.91, 68),
	(2085, 'Pork - Chop, Frenched', 3, 7, 1, 964.79, 41),
	(2086, 'Pancetta', 3, 8, 1, 609.99, 50),
	(2087, 'Zucchini - Green', 3, 6, 2, 971.28, 35),
	(2088, 'Pasta - Cappellini, Dry', 1, 4, 2, 767.38, 90),
	(2089, 'Soup - Boston Clam Chowder', 3, 4, 2, 579, 61),
	(2090, 'Peach - Halves', 2, 3, 1, 331.96, 23),
	(2091, 'Juice - Pineapple, 341 Ml', 2, 4, 1, 861.48, 74),
	(2092, 'Five Alive Citrus', 1, 3, 1, 8.42, 7),
	(2093, 'Tuna - Salad Premix', 3, 2, 1, 641.98, 75),
	(2094, 'Soup - Knorr, Country Bean', 3, 4, 2, 741.21, 98),
	(2095, 'Bread - Burger', 3, 2, 1, 985.69, 78),
	(2096, 'Bread - Burger', 3, 5, 2, 453.57, 53),
	(2097, 'Veal - Bones', 3, 4, 2, 87.07, 12),
	(2098, 'Venison - Striploin', 2, 1, 2, 451.93, 2),
	(2099, 'Sambuca Cream', 1, 2, 2, 560.63, 14),
	(2100, 'Veal - Chops, Split, Frenched', 2, 8, 1, 514.66, 49),
	(2101, 'Chicken - Diced, Cooked', 2, 7, 2, 683.59, 94),
	(2102, 'Ice Cream Bar - Drumstick', 3, 1, 2, 290.05, 83),
	(2103, 'Wine - Red, Harrow Estates, Cab', 1, 8, 1, 738.15, 7),
	(2104, 'Pomello', 2, 4, 2, 531.44, 65),
	(2105, 'Bread - French Stick', 3, 7, 1, 878.13, 47),
	(2106, 'Steel Wool S.o.s', 3, 1, 1, 28.41, 50),
	(2107, 'Longos - Cheese Tortellini', 2, 6, 1, 534.25, 6),
	(2108, 'Vermacelli - Sprinkles, Assorted', 2, 6, 1, 177.12, 10),
	(2109, 'Foam Cup 6 Oz', 2, 8, 1, 418.53, 94),
	(2110, 'Wine - Rosso Toscano Igt', 1, 3, 1, 157.47, 33),
	(2111, 'Juice - Orange, Concentrate', 1, 1, 1, 945.16, 52),
	(2112, 'Mushrooms - Black, Dried', 2, 8, 1, 458.77, 64),
	(2113, 'Vermouth - Sweet, Cinzano', 3, 1, 2, 722.17, 66),
	(2114, 'Passion Fruit', 2, 8, 1, 454.82, 51),
	(2115, 'Tea - Herbal I Love Lemon', 1, 7, 2, 345.4, 64),
	(2116, 'Mushroom - Crimini', 2, 7, 2, 613.77, 64),
	(2117, 'Sage - Rubbed', 1, 2, 2, 428.32, 95),
	(2118, 'Milk - Buttermilk', 2, 6, 1, 648.55, 42),
	(2119, 'Beef - Tongue, Fresh', 2, 8, 1, 505.61, 59),
	(2120, 'Galliano', 3, 5, 2, 58.23, 9),
	(2121, 'Table Cloth 62x114 Colour', 2, 3, 1, 685.1, 62),
	(2122, 'Rice - Sushi', 2, 2, 2, 687.11, 19),
	(2123, 'Kahlua', 2, 6, 1, 422.14, 85),
	(2124, 'Soup Campbells Beef With Veg', 3, 3, 2, 785.6, 45),
	(2125, 'Stock - Beef, White', 3, 8, 1, 831.65, 55),
	(2126, 'Fuji Apples', 2, 5, 2, 362.28, 18),
	(2127, 'Wine - Saint - Bris 2002, Sauv', 2, 5, 1, 990.82, 12),
	(2128, 'Shrimp - Tiger 21/25', 2, 1, 2, 17.17, 39),
	(2129, 'Pastry - Plain Baked Croissant', 3, 6, 2, 528.1, 69),
	(2130, 'Sea Bass - Whole', 1, 5, 1, 656.23, 99),
	(2131, 'Cherries - Bing, Canned', 2, 6, 1, 532.57, 34),
	(2132, 'Beef - Sushi Flat Iron Steak', 1, 2, 2, 367.3, 39),
	(2133, 'Bread - Crusty Italian Poly', 2, 4, 1, 55.7, 1),
	(2134, 'Puree - Raspberry', 3, 1, 2, 55.86, 85),
	(2135, 'Turkey - Oven Roast Breast', 1, 1, 2, 77.01, 36),
	(2136, 'Cake - Mini Potato Pancake', 1, 6, 1, 523.66, 69),
	(2137, 'V8 Pet', 3, 5, 2, 651.14, 45),
	(2138, 'Liners - Banana, Paper', 1, 1, 2, 268.03, 41),
	(2139, 'Nestea - Ice Tea, Diet', 1, 6, 2, 846.27, 88),
	(2140, 'Wine - Kwv Chenin Blanc South', 1, 8, 1, 298.91, 44),
	(2141, 'Pork - Suckling Pig', 3, 7, 1, 416.43, 66),
	(2142, 'Rootbeer', 2, 8, 1, 269.67, 50),
	(2143, 'Garlic Powder', 2, 6, 2, 608.33, 10),
	(2144, 'Beer - Moosehead', 3, 8, 2, 268.5, 88),
	(2145, 'Towels - Paper / Kraft', 3, 5, 1, 94.74, 37),
	(2146, 'Beer - Sleeman Fine Porter', 1, 4, 1, 472.06, 94),
	(2147, 'Gherkin - Sour', 2, 2, 1, 137.44, 84),
	(2148, 'Vinegar - Champagne', 3, 6, 1, 645.14, 54),
	(2149, 'Pastry - Banana Muffin - Mini', 2, 7, 2, 174.14, 34),
	(2150, 'Baking Soda', 1, 2, 2, 439.55, 49),
	(2151, 'Wakami Seaweed', 1, 6, 2, 870.65, 73),
	(2152, 'Coffee - 10oz Cup 92961', 3, 1, 1, 92.68, 7),
	(2153, 'Napkin White', 3, 1, 1, 161.77, 17),
	(2154, 'Chives - Fresh', 2, 4, 1, 630.29, 7),
	(2155, 'Goulash Seasoning', 1, 5, 2, 195.65, 4),
	(2156, 'Cake - Sheet Strawberry', 2, 1, 2, 917.61, 79),
	(2157, 'Wine - Alsace Riesling Reserve', 3, 8, 1, 206.54, 70),
	(2158, 'Cilantro / Coriander - Fresh', 3, 2, 2, 919.28, 16),
	(2159, 'Juice - Grapefruit, 341 Ml', 1, 8, 1, 155.35, 88),
	(2160, 'Lamb Rack - Ontario', 3, 7, 2, 95.23, 96),
	(2161, 'Puree - Strawberry', 1, 8, 1, 82.29, 50),
	(2162, 'Butter - Salted', 3, 1, 2, 363.27, 55),
	(2163, 'Bacardi Breezer - Strawberry', 2, 3, 2, 836.91, 27),
	(2164, 'Pork - Ham Hocks - Smoked', 1, 4, 2, 28.02, 20),
	(2165, 'Uniform Linen Charge', 2, 8, 2, 466.29, 45),
	(2166, 'Champagne - Brights, Dry', 1, 6, 1, 746.88, 18),
	(2167, 'Beer - Mill St Organic', 1, 7, 2, 920.41, 36),
	(2168, 'Lamb Rack - Ontario', 1, 4, 2, 882.12, 96),
	(2169, 'Cakes Assorted', 1, 4, 2, 863.11, 1),
	(2170, 'Pork - Loin, Boneless', 3, 6, 2, 696.42, 65),
	(2171, 'Pancetta', 2, 2, 1, 901.57, 97),
	(2172, 'Tea - Earl Grey', 3, 3, 1, 680.67, 35),
	(2173, 'Crawfish', 2, 7, 2, 613.73, 40),
	(2174, 'Ecolab - Ster Bac', 1, 3, 2, 315.81, 38),
	(2175, 'Wine - Red, Marechal Foch', 3, 1, 1, 654.32, 21),
	(2176, 'Juice - Orangina', 1, 3, 1, 452.59, 93),
	(2177, 'Ice Cream - Chocolate', 2, 6, 2, 975.44, 61),
	(2178, 'Sobe - Cranberry Grapefruit', 3, 4, 2, 580.27, 81),
	(2179, 'Sugar Thermometer', 1, 5, 1, 387.63, 83),
	(2180, 'Bag Clear 10 Lb', 3, 2, 2, 266.38, 90),
	(2181, 'Olives - Nicoise', 1, 3, 1, 957.87, 97),
	(2182, 'Cheese Cloth', 2, 4, 1, 560.9, 60),
	(2183, 'Tea - Decaf Lipton', 2, 4, 1, 105.81, 69),
	(2184, 'Coffee Cup 8oz 5338cd', 2, 4, 1, 377.23, 92),
	(2185, 'Shrimp - Black Tiger 6 - 8', 3, 5, 2, 825.3, 6),
	(2186, 'Water - San Pellegrino', 3, 8, 1, 585.43, 8),
	(2187, 'Shrimp - Black Tiger 8 - 12', 3, 1, 1, 243.38, 30),
	(2188, 'Cake Circle, Foil, Scallop', 2, 4, 2, 230.52, 99),
	(2189, 'Venison - Denver Leg Boneless', 1, 5, 1, 694.73, 22),
	(2190, 'Bread Base - Goodhearth', 2, 7, 1, 158.3, 71),
	(2191, 'Beer - Steamwhistle', 1, 1, 1, 666.82, 23),
	(2192, 'Pate - Cognac', 2, 6, 1, 336.98, 69),
	(2193, 'Ecolab Digiclean Mild Fm', 3, 4, 1, 649.95, 95),
	(2194, 'Asparagus - Green, Fresh', 3, 1, 2, 260.21, 93),
	(2195, 'Pastry - French Mini Assorted', 2, 2, 2, 71.15, 68),
	(2196, 'Olives - Kalamata', 1, 4, 1, 799.29, 96),
	(2197, 'Bread - Pumpernickle, Rounds', 3, 3, 1, 666.04, 7),
	(2198, 'Pork - Bones', 1, 6, 2, 958.1, 12),
	(2199, 'Cheese - Romano, Grated', 3, 7, 1, 773.58, 8),
	(2200, 'Clams - Bay', 1, 7, 1, 622.01, 78),
	(2201, 'Asparagus - Green, Fresh', 2, 8, 2, 32.82, 72),
	(2202, 'Tea - Herbal Orange Spice', 1, 7, 1, 422.65, 54),
	(2203, 'Beef - Tongue, Cooked', 2, 7, 1, 246.26, 15),
	(2204, 'Pepsi, 355 Ml', 1, 3, 1, 483.28, 17),
	(2205, 'Truffle Cups - Red', 3, 3, 1, 676.83, 46),
	(2206, 'Bread - Ciabatta Buns', 2, 2, 2, 905.71, 9),
	(2207, 'Club Soda - Schweppes, 355 Ml', 2, 5, 1, 89.5, 26),
	(2208, 'Lamb Shoulder Boneless Nz', 3, 5, 2, 257.74, 21),
	(2209, 'Wine - Chateau Timberlay', 1, 6, 1, 824.44, 82),
	(2210, 'Cranberries - Fresh', 3, 6, 2, 322.17, 75),
	(2211, 'Cake Circle, Paprus', 3, 7, 2, 220.68, 21),
	(2212, 'Chinese Foods - Cantonese', 2, 2, 2, 168.9, 54),
	(2213, 'Pears - Bartlett', 1, 3, 1, 592.56, 34),
	(2214, 'Tea - Herbal - 6 Asst', 2, 7, 2, 359.58, 29),
	(2215, 'Lamb - Loin Chops', 1, 4, 1, 614.11, 12),
	(2216, 'Apple - Delicious, Golden', 1, 5, 2, 920.41, 7),
	(2217, 'Bread - Bistro Sour', 1, 3, 1, 469.51, 40),
	(2218, 'Yokaline', 1, 7, 2, 414.47, 61),
	(2219, 'Jagermeister', 3, 6, 2, 945.43, 97),
	(2220, 'Wine - Montecillo Rioja Crianza', 2, 2, 2, 138.61, 82),
	(2221, 'Lemonade - Island Tea, 591 Ml', 3, 5, 1, 654.42, 90),
	(2222, 'Mushroom - Trumpet, Dry', 3, 4, 2, 546.6, 58),
	(2223, 'Squid - U - 10 Thailand', 1, 5, 1, 976.39, 14),
	(2224, 'Beer - Pilsner Urquell', 3, 8, 1, 834.07, 6),
	(2225, 'Creamers - 10%', 1, 7, 2, 376.64, 96),
	(2226, 'Lobak', 3, 7, 2, 621.16, 56),
	(2227, 'Appetizer - Lobster Phyllo Roll', 1, 4, 1, 847.07, 61),
	(2228, 'Glass Clear 8 Oz', 1, 7, 2, 228.14, 45),
	(2229, 'Lobster - Cooked', 2, 8, 2, 237.13, 10),
	(2230, 'Wine - Ej Gallo Sonoma', 2, 4, 2, 917.38, 10),
	(2231, 'Appetizer - Sausage Rolls', 3, 6, 1, 235.25, 36),
	(2232, 'Veal - Insides, Grains', 1, 6, 2, 110.42, 98),
	(2233, 'Aspic - Light', 3, 2, 2, 733.01, 60),
	(2234, 'Wine - Magnotta, White', 2, 7, 1, 915.95, 36),
	(2235, 'Tart - Raisin And Pecan', 1, 4, 2, 482.02, 51),
	(2236, 'Honey - Liquid', 1, 6, 2, 842.59, 67),
	(2237, 'Juice - Cranberry, 341 Ml', 2, 4, 1, 811.67, 58),
	(2238, 'Beef - Short Ribs', 3, 8, 1, 616.66, 38),
	(2239, 'Cheese - Cheddar, Old White', 2, 6, 2, 619.44, 42),
	(2240, 'Soup Campbells Turkey Veg.', 1, 8, 2, 388.03, 23),
	(2241, 'Chinese Foods - Plain Fried Rice', 2, 5, 2, 477.38, 90),
	(2242, 'Sauce - Gravy, Au Jus, Mix', 1, 6, 1, 618.25, 44),
	(2243, 'Snapple - Iced Tea Peach', 1, 5, 1, 323.51, 18),
	(2244, 'Truffle Cups - White Paper', 2, 3, 2, 855.52, 50),
	(2245, 'Lamb - Leg, Boneless', 1, 2, 1, 726.21, 30),
	(2246, 'Rice Wine - Aji Mirin', 2, 1, 1, 879.52, 17),
	(2247, 'Bay Leaf Ground', 2, 4, 2, 746.62, 56),
	(2248, 'Coffee - Almond Amaretto', 2, 8, 1, 326.22, 65),
	(2249, 'Beef - Top Sirloin', 1, 3, 2, 705.23, 18),
	(2250, 'Cheese - Roquefort Pappillon', 3, 6, 1, 794.14, 16),
	(2251, 'Bread - Ciabatta Buns', 1, 8, 1, 932.59, 4),
	(2252, 'Greens Mustard', 2, 2, 2, 326.15, 14),
	(2253, 'Muffin Mix - Blueberry', 1, 2, 1, 633.1, 45),
	(2254, 'Ham - Black Forest', 2, 8, 2, 386.38, 81),
	(2255, 'Lamb - Loin Chops', 3, 5, 1, 313.84, 86),
	(2256, 'Chocolate - Pistoles, White', 2, 4, 1, 554.06, 12),
	(2257, 'Food Colouring - Green', 2, 3, 1, 65.72, 1),
	(2258, 'Sprouts - Peppercress', 1, 7, 2, 881.29, 31),
	(2259, 'Godiva White Chocolate', 3, 1, 2, 205.1, 61),
	(2260, 'Container - Clear 16 Oz', 3, 6, 1, 746.99, 41),
	(2261, 'Flour - Bran, Red', 1, 5, 1, 433.46, 28),
	(2262, 'Juice - Orange, 341 Ml', 1, 6, 1, 555.69, 19),
	(2263, 'Milk - Homo', 2, 4, 2, 169.26, 80),
	(2264, 'Chicken - White Meat, No Tender', 1, 3, 1, 626.48, 33),
	(2265, 'Cup - 8oz Coffee Perforated', 1, 8, 1, 835.21, 58),
	(2266, 'Yogurt - Raspberry, 175 Gr', 2, 3, 2, 568.2, 72),
	(2267, 'Alize Red Passion', 2, 5, 2, 726.43, 38),
	(2268, 'Truffle - Peelings', 1, 2, 1, 789.66, 7),
	(2269, 'Pasta - Fusili, Dry', 1, 4, 1, 743.6, 14),
	(2270, 'Sobe - Green Tea', 1, 6, 1, 397.38, 42),
	(2271, 'Bread - Pumpernickle, Rounds', 1, 8, 2, 688.67, 64),
	(2272, 'Sauce - Cranberry', 1, 1, 1, 538.2, 33),
	(2273, 'Appetizer - Shrimp Puff', 3, 5, 1, 813.85, 38),
	(2274, 'Bay Leaf', 2, 3, 2, 491.48, 36),
	(2275, 'Corn - Mini', 1, 1, 1, 774.21, 69),
	(2276, 'Veal - Chops, Split, Frenched', 3, 7, 1, 900.47, 33),
	(2277, 'Wine - Bouchard La Vignee Pinot', 3, 6, 1, 626.18, 44),
	(2278, 'Myers Planters Punch', 2, 2, 1, 811.71, 40),
	(2279, 'Chocolate - Mi - Amere Semi', 2, 8, 1, 243.18, 17),
	(2280, 'Appetizer - Southwestern', 2, 8, 1, 742.28, 87),
	(2281, 'Wine - Vovray Sec Domaine Huet', 3, 3, 1, 781.73, 75),
	(2282, 'Stock - Fish', 2, 1, 1, 372.13, 84),
	(2283, 'Turkey Tenderloin Frozen', 2, 6, 2, 212.31, 57),
	(2284, 'Yogurt - Banana, 175 Gr', 3, 7, 1, 795.01, 65),
	(2285, 'Wine - Magnotta - Red, Baco', 1, 8, 2, 992.94, 65),
	(2286, 'Butcher Twine 4r', 2, 8, 2, 398.68, 32),
	(2287, 'Wine - Blue Nun Qualitatswein', 1, 3, 1, 733.15, 28),
	(2288, 'Island Oasis - Pina Colada', 3, 3, 2, 270.84, 98),
	(2289, 'Cookies - Fortune', 1, 4, 1, 587.98, 19),
	(2290, 'Beef - Tenderloin - Aa', 1, 3, 2, 732.38, 54),
	(2291, '7up Diet, 355 Ml', 3, 7, 1, 183.28, 42),
	(2292, 'Stainless Steel Cleaner Vision', 2, 3, 1, 604.66, 15),
	(2293, 'Savory', 1, 8, 2, 165.95, 93),
	(2294, 'Chips Potato All Dressed - 43g', 1, 3, 2, 163.07, 88),
	(2295, 'Squash - Butternut', 2, 6, 1, 602.71, 29),
	(2296, 'Bacardi Mojito', 1, 2, 2, 975.11, 66),
	(2297, 'Nut - Pecan, Pieces', 2, 4, 2, 186.36, 10),
	(2298, 'Evaporated Milk - Skim', 1, 5, 1, 108.88, 61),
	(2299, 'Cheese - Comtomme', 2, 2, 2, 985.42, 73),
	(2300, 'Ham - Cooked', 2, 5, 1, 415.58, 48),
	(2301, 'Oil - Margarine', 2, 4, 2, 850.47, 12),
	(2302, 'Soup Bowl Clear 8oz92008', 3, 4, 1, 766.49, 28),
	(2303, 'Wine - Baron De Rothschild', 3, 1, 2, 741.21, 72),
	(2304, 'Pastry - Baked Cinnamon Stick', 1, 8, 2, 21.1, 89),
	(2305, 'Bay Leaf', 3, 3, 1, 515.72, 38),
	(2306, 'Bread - Crusty Italian Poly', 3, 5, 2, 865.93, 53),
	(2307, 'Bread - Bagels, Plain', 3, 2, 1, 887.01, 41),
	(2308, 'Pork - Tenderloin, Frozen', 2, 7, 1, 700.66, 61),
	(2309, 'Lamb - Whole Head Off,nz', 3, 4, 2, 23.65, 43),
	(2310, 'Lobster - Live', 2, 4, 1, 132.48, 86),
	(2311, 'Myers Planters Punch', 3, 6, 2, 59.9, 41),
	(2312, 'Absolut Citron', 2, 3, 1, 740.9, 95),
	(2313, 'Shrimp - Black Tiger 13/15', 3, 4, 2, 409.99, 54),
	(2314, 'Glycerine', 2, 7, 2, 487.44, 54),
	(2315, 'Mushroom - Morel Frozen', 1, 7, 1, 758.33, 82),
	(2316, 'Bread - Hot Dog Buns', 2, 1, 1, 534.31, 55),
	(2317, 'Plate Foam Laminated 9in Blk', 1, 3, 2, 868.76, 6),
	(2318, 'Noodles - Steamed Chow Mein', 1, 8, 1, 901.97, 22),
	(2319, 'Kolrabi', 3, 6, 1, 717.21, 15),
	(2320, 'Table Cloth 81x81 Colour', 3, 3, 2, 707.11, 25),
	(2321, 'Pork - Bacon, Sliced', 2, 8, 2, 953.12, 87),
	(2322, 'Glycerine', 1, 6, 2, 689.35, 35),
	(2323, 'Pop Shoppe Cream Soda', 3, 2, 2, 38.32, 90),
	(2324, 'Jolt Cola', 1, 5, 1, 891.61, 70),
	(2325, 'Tea Leaves - Oolong', 1, 1, 1, 973.43, 1),
	(2326, 'Magnotta - Bel Paese White', 2, 8, 1, 424.87, 15),
	(2327, 'Asparagus - Frozen', 3, 8, 1, 50.85, 51),
	(2328, 'Fuji Apples', 3, 8, 1, 590.51, 73),
	(2329, 'Cucumber - English', 2, 5, 2, 904.04, 75),
	(2330, 'Cookie Dough - Chocolate Chip', 3, 8, 2, 65.02, 74),
	(2331, 'Cornstarch', 2, 1, 1, 705.95, 44),
	(2332, 'Rye Special Old', 2, 8, 1, 566.21, 94),
	(2333, 'Rice - Jasmine Sented', 2, 8, 1, 455.1, 24),
	(2334, 'Grapes - Red', 1, 7, 2, 578.25, 59),
	(2335, 'Soup - Campbells, Beef Barley', 3, 7, 1, 458.66, 72),
	(2336, 'Wine - White, Ej', 1, 1, 1, 385.61, 67),
	(2337, 'Beef - Ox Tail, Frozen', 1, 3, 1, 514.94, 61),
	(2338, 'Tray - 16in Rnd Blk', 3, 5, 1, 869.95, 64),
	(2339, 'Lettuce - Belgian Endive', 1, 4, 2, 723.28, 5),
	(2340, 'Sugar Thermometer', 1, 3, 2, 396.73, 10),
	(2341, 'Mcguinness - Blue Curacao', 2, 3, 1, 981.07, 51),
	(2342, 'Wine - Casillero Deldiablo', 1, 8, 2, 686.77, 24),
	(2343, 'Ham - Black Forest', 3, 6, 1, 397.29, 19),
	(2344, 'Pail - 15l White, With Handle', 3, 7, 1, 137.91, 63),
	(2345, 'Wine - Ej Gallo Sonoma', 1, 8, 2, 811.19, 24),
	(2346, 'Eel - Smoked', 2, 3, 2, 392.68, 71),
	(2347, 'Orange - Tangerine', 2, 5, 2, 704.77, 69),
	(2348, 'Campari', 2, 6, 2, 117.75, 26),
	(2349, 'Soup - Campbells - Chicken Noodle', 3, 7, 2, 316.22, 41),
	(2350, 'Thyme - Fresh', 1, 4, 1, 715.4, 21),
	(2351, 'Red Snapper - Fillet, Skin On', 1, 4, 2, 471.56, 52),
	(2352, 'Buffalo - Tenderloin', 2, 6, 2, 948.33, 36),
	(2353, 'Eggplant - Asian', 1, 5, 1, 102.69, 45),
	(2354, 'Boogies', 2, 8, 2, 386.44, 43),
	(2355, 'Grouper - Fresh', 3, 8, 1, 270.53, 86),
	(2356, 'Ice Cream Bar - Rolo Cone', 2, 7, 2, 631.86, 74),
	(2357, 'Cheese - Sheep Milk', 2, 6, 2, 650.69, 68),
	(2358, 'Cake - Miini Cheesecake Cherry', 2, 3, 2, 520.25, 37),
	(2359, 'Longos - Grilled Chicken With', 1, 8, 1, 844.55, 14),
	(2360, 'Chef Hat 20cm', 2, 3, 2, 11.45, 94),
	(2361, 'Bag - Regular Kraft 20 Lb', 3, 6, 2, 908.84, 8),
	(2362, 'Pepper - Red Bell', 1, 8, 2, 994.05, 61),
	(2363, 'Kellogs Raisan Bran Bars', 2, 2, 2, 996.7, 71),
	(2364, 'Tortillas - Flour, 12', 2, 5, 1, 883.29, 62),
	(2365, 'Bag Clear 10 Lb', 2, 3, 2, 831.11, 28),
	(2366, 'Mushroom - White Button', 3, 2, 2, 344.41, 79),
	(2367, 'Spoon - Soup, Plastic', 3, 6, 2, 124.15, 53),
	(2368, 'Versatainer Nc - 8288', 3, 8, 1, 207.58, 35),
	(2369, 'Mousse - Passion Fruit', 1, 6, 1, 438.77, 27),
	(2370, 'Lentils - Green, Dry', 3, 8, 2, 893.18, 62),
	(2371, 'Muffin Mix - Chocolate Chip', 3, 1, 2, 82.11, 18),
	(2372, 'Mahi Mahi', 2, 6, 1, 990.12, 76),
	(2373, 'Tomatoes - Grape', 2, 3, 2, 367.93, 70),
	(2374, 'Juice - Apple, 1.36l', 2, 3, 1, 283.82, 26),
	(2375, 'Soup - Knorr, Veg / Beef', 2, 7, 2, 427.03, 50),
	(2376, 'Sauce - Cranberry', 1, 4, 1, 411.6, 9),
	(2377, 'Pepper - Chillies, Crushed', 2, 3, 2, 832.96, 34),
	(2378, 'Chinese Foods - Chicken Wing', 3, 7, 1, 35, 57),
	(2379, 'Muffin Chocolate Individual Wrap', 3, 5, 2, 903.03, 76),
	(2380, 'Fondant - Icing', 2, 3, 1, 246.4, 63),
	(2381, 'Turkey - Whole, Fresh', 2, 6, 1, 752.76, 91),
	(2382, 'Sesame Seed', 3, 4, 2, 392.93, 89),
	(2383, 'Campari', 3, 7, 2, 766.63, 55),
	(2384, 'Catfish - Fillets', 3, 3, 2, 476.11, 69),
	(2385, 'Lamb - Whole Head Off,nz', 2, 8, 1, 62.64, 30),
	(2386, 'Seedlings - Mix, Organic', 1, 7, 1, 481.14, 9),
	(2387, 'Table Cloth 54x54 Colour', 1, 5, 2, 591.18, 54),
	(2388, 'Soup - French Onion', 1, 1, 2, 310.66, 52),
	(2389, 'Oil - Shortening,liqud, Fry', 2, 6, 1, 543.83, 72),
	(2390, 'Muffin Mix - Corn Harvest', 3, 8, 2, 958.35, 69),
	(2391, 'Pastry - Apple Muffins - Mini', 1, 3, 2, 386.62, 79),
	(2392, 'Coffee - 10oz Cup 92961', 3, 5, 2, 747.39, 55),
	(2393, 'Pasta - Detalini, White, Fresh', 3, 5, 1, 345.21, 13),
	(2394, 'Lettuce - Arugula', 3, 5, 2, 515.17, 20),
	(2395, 'Wine - Charddonnay Errazuriz', 2, 7, 2, 488.33, 58),
	(2396, 'Pasta - Canelloni', 3, 6, 2, 71.21, 13),
	(2397, 'Whmis Spray Bottle Graduated', 2, 7, 2, 583.89, 85),
	(2398, 'Vinegar - Red Wine', 1, 1, 2, 859.81, 30),
	(2399, 'Food Colouring - Red', 3, 8, 1, 628.44, 49),
	(2400, 'Calvados - Boulard', 3, 5, 2, 386.97, 47),
	(2401, 'Turkey - Oven Roast Breast', 1, 6, 2, 994.37, 46),
	(2402, 'Sauce - Ranch Dressing', 2, 5, 1, 484.36, 32),
	(2403, 'Sprouts - Onion', 3, 2, 1, 424.6, 10),
	(2404, 'Lemonade - Strawberry, 591 Ml', 3, 5, 1, 560.17, 70),
	(2405, 'Peppercorns - Pink', 3, 7, 2, 197.12, 32),
	(2406, 'Petit Baguette', 2, 1, 1, 449.2, 91),
	(2407, 'Chickensplit Half', 3, 8, 2, 353.22, 49),
	(2408, 'Glaze - Apricot', 1, 8, 1, 976.69, 64),
	(2409, 'Creme De Banane - Marie', 1, 3, 1, 659.23, 57),
	(2410, 'Bread Bowl Plain', 3, 7, 1, 531.18, 30),
	(2411, 'Wine - Dubouef Macon - Villages', 3, 6, 1, 223.75, 86),
	(2412, 'Spinach - Frozen', 3, 4, 1, 367.16, 9),
	(2413, 'Pie Shells 10', 1, 1, 1, 227.02, 83),
	(2414, 'Hot Choc Vending', 3, 6, 1, 212.96, 85),
	(2415, 'Spic And Span All Purpose', 3, 8, 1, 381.14, 48),
	(2416, 'Eel Fresh', 1, 4, 2, 337.07, 93),
	(2417, 'Bread - French Baquette', 3, 2, 1, 569.75, 75),
	(2418, 'Pastry - Banana Tea Loaf', 3, 5, 1, 201.14, 73),
	(2419, 'Pork - Bacon, Double Smoked', 1, 6, 2, 308.08, 63),
	(2420, 'Veal - Osso Bucco', 2, 8, 2, 817.77, 46),
	(2421, 'Wine - Red, Black Opal Shiraz', 2, 7, 2, 214.61, 40),
	(2422, 'Kippers - Smoked', 1, 7, 2, 437.62, 36),
	(2423, 'Edible Flower - Mixed', 2, 6, 1, 226.23, 85),
	(2424, 'Liquid Aminios Acid - Braggs', 2, 8, 1, 604.01, 93),
	(2425, 'Orange Roughy 4/6 Oz', 1, 3, 1, 167.26, 70),
	(2426, 'Creme De Banane - Marie', 1, 5, 2, 277.1, 42),
	(2427, 'Papayas', 2, 7, 1, 178.58, 54),
	(2428, 'Wiberg Super Cure', 3, 3, 2, 647.21, 3),
	(2429, 'Chicken - Base', 3, 3, 2, 643.7, 11),
	(2430, 'Sultanas', 2, 1, 1, 547.05, 18),
	(2431, 'Beef - Tenderlion, Center Cut', 1, 1, 1, 981.33, 97),
	(2432, 'Bread - Raisin Walnut Pull', 2, 3, 2, 507.82, 64),
	(2433, 'Wine - Prosecco Valdobienne', 2, 6, 2, 867, 70),
	(2434, 'Lemonade - Island Tea, 591 Ml', 2, 7, 2, 767.86, 77),
	(2435, 'Soup Campbells Turkey Veg.', 3, 4, 1, 980.08, 95),
	(2436, 'Cranberries - Dry', 3, 3, 2, 700.67, 41),
	(2437, 'Nut - Pumpkin Seeds', 2, 3, 1, 811.58, 38),
	(2438, 'Juice Peach Nectar', 1, 5, 1, 674.26, 74),
	(2439, 'Sugar - Fine', 2, 7, 1, 364.03, 27),
	(2440, 'Eggplant - Baby', 1, 8, 2, 918.93, 70),
	(2441, 'Schnappes - Peach, Walkers', 1, 2, 2, 927.01, 6),
	(2442, 'Bread - Italian Sesame Poly', 1, 6, 2, 4.22, 36),
	(2443, 'Tabasco Sauce, 2 Oz', 2, 5, 2, 917.25, 11),
	(2444, 'Chocolate Bar - Oh Henry', 1, 5, 2, 767.77, 32),
	(2445, 'Olive - Spread Tapenade', 3, 5, 2, 922.04, 24),
	(2446, 'Wine - Rosso Del Veronese Igt', 3, 6, 2, 114.32, 44),
	(2447, 'Bread Bowl Plain', 3, 6, 1, 576.85, 10),
	(2448, 'Muffin - Mix - Bran And Maple 15l', 3, 3, 2, 42.44, 4),
	(2449, 'Wine - German Riesling', 1, 8, 1, 879.08, 43),
	(2450, 'Banana - Green', 1, 4, 1, 789.35, 92),
	(2451, 'Brandy Apricot', 2, 7, 1, 326.32, 42),
	(2452, 'Veal - Insides Provini', 2, 1, 1, 25.75, 34),
	(2453, 'Wheat - Soft Kernal Of Wheat', 2, 2, 1, 766.75, 31),
	(2454, 'Yeast - Fresh, Fleischman', 3, 7, 2, 369.49, 27),
	(2455, 'Tuna - Sushi Grade', 2, 5, 1, 244.72, 29),
	(2456, 'Kiwi', 3, 7, 1, 695.01, 27),
	(2457, 'Stock - Veal, White', 3, 6, 2, 596.84, 28),
	(2458, 'Pepperoni Slices', 1, 6, 1, 295.12, 31),
	(2459, 'Chinese Foods - Chicken', 1, 8, 1, 315.05, 65),
	(2460, 'Turkey - Whole, Fresh', 1, 2, 2, 729.95, 27),
	(2461, 'Glycerine', 1, 4, 1, 603.5, 6),
	(2462, 'Croissants Thaw And Serve', 3, 2, 2, 581.47, 30),
	(2463, 'Shrimp - 150 - 250', 3, 4, 2, 878.12, 38),
	(2464, 'The Pop Shoppe Pinapple', 1, 7, 1, 507.6, 61),
	(2465, 'Ice Cream - Turtles Stick Bar', 2, 5, 2, 159.96, 92),
	(2466, 'Chinese Foods - Chicken', 2, 6, 2, 865.62, 65),
	(2467, 'Pear - Halves', 2, 5, 1, 388.16, 82),
	(2468, 'Teriyaki Sauce', 1, 8, 2, 63.07, 79),
	(2469, 'Nestea - Ice Tea, Diet', 3, 7, 2, 693.77, 61),
	(2470, 'Wine - Pinot Noir Pond Haddock', 2, 5, 2, 967.21, 93),
	(2471, 'Cheese - Grana Padano', 3, 4, 2, 903.6, 22),
	(2472, 'Pasta - Tortellini, Fresh', 2, 5, 1, 286.07, 76),
	(2473, 'Oil - Truffle, White', 2, 1, 1, 199.91, 9),
	(2474, 'Icecream - Dstk Super Cone', 2, 4, 1, 456.14, 70),
	(2475, 'Rum - Coconut, Malibu', 1, 5, 2, 96.76, 64),
	(2476, 'Squid Ink', 1, 1, 1, 904.47, 14),
	(2477, 'Vodka - Smirnoff', 2, 8, 1, 860.36, 38),
	(2478, 'Heavy Duty Dust Pan', 3, 8, 1, 43.3, 57),
	(2479, 'Sobe - Berry Energy', 2, 8, 2, 468.17, 25),
	(2480, 'Plasticforkblack', 1, 4, 2, 149.08, 39),
	(2481, 'Pepper - Roasted Red', 2, 2, 2, 471.31, 99),
	(2482, 'Pate - Liver', 2, 1, 2, 224.72, 41),
	(2483, 'Buffalo - Striploin', 1, 1, 2, 237.08, 14),
	(2484, 'Sugar - Monocystal / Rock', 1, 8, 2, 782.16, 21),
	(2485, 'Wiberg Super Cure', 2, 8, 2, 605.55, 26),
	(2486, 'Crab - Meat Combo', 3, 3, 2, 434.95, 39),
	(2487, 'Sugar - Brown', 3, 1, 1, 457.15, 62),
	(2488, 'Broom - Angled', 3, 4, 1, 346.87, 42),
	(2489, 'Pie Shell - 5', 1, 1, 2, 32.69, 39),
	(2490, 'Sauce - Vodka Blush', 2, 5, 2, 680.19, 4),
	(2491, 'Sesame Seed', 1, 3, 1, 557.17, 77),
	(2492, 'White Fish - Filets', 3, 5, 1, 693.28, 81),
	(2493, 'Tamarillo', 2, 7, 2, 148.89, 26),
	(2494, 'Veal - Liver', 2, 6, 2, 899.69, 72),
	(2495, 'Ham - Cooked Italian', 1, 4, 1, 702.72, 75),
	(2496, 'Sobe - Green Tea', 1, 7, 1, 866.25, 2),
	(2497, 'Pepsi - 600ml', 1, 1, 2, 854.94, 57),
	(2498, 'Pastry - French Mini Assorted', 2, 2, 2, 630.34, 2),
	(2499, 'Pate - Liver', 1, 5, 1, 72.53, 30),
	(2500, 'Tea - Camomele', 3, 8, 2, 987.66, 60),
	(2501, 'Salmon - Sockeye Raw', 1, 4, 2, 472.87, 50),
	(2502, 'Juice - Orange, 341 Ml', 2, 8, 1, 271.77, 77),
	(2503, 'Cucumber - Pickling Ontario', 3, 2, 1, 683.17, 61),
	(2504, 'Beans - Fine', 3, 2, 1, 388.42, 89),
	(2505, 'Sambuca - Opal Nera', 3, 6, 1, 848.59, 81),
	(2506, 'Pasta - Bauletti, Chicken White', 2, 3, 2, 50.57, 7),
	(2507, 'Pasta - Gnocchi, Potato', 2, 4, 1, 834.27, 5),
	(2508, 'Veal - Liver', 1, 5, 1, 612.43, 77),
	(2509, 'Bread Base - Gold Formel', 1, 4, 1, 441.29, 25),
	(2510, 'Calaloo', 3, 1, 1, 718.76, 99),
	(2511, 'Juice - Lemon', 3, 8, 1, 155.61, 51),
	(2512, 'Doilies - 8, Paper', 1, 2, 1, 997.13, 54),
	(2513, 'Sprouts - Onion', 2, 7, 1, 895.54, 1),
	(2514, 'Buffalo - Tenderloin', 3, 8, 2, 447.75, 73),
	(2515, 'Pepper - Green, Chili', 1, 1, 1, 661.09, 77),
	(2516, 'Sterno - Chafing Dish Fuel', 3, 8, 1, 965.9, 98),
	(2517, 'Cheese - Camembert', 3, 8, 2, 2.84, 79),
	(2518, 'Sausage - Meat', 3, 6, 2, 34.59, 86),
	(2519, 'Beef - Sushi Flat Iron Steak', 1, 8, 2, 176.45, 74),
	(2520, 'Potatoes - Yukon Gold, 80 Ct', 1, 6, 2, 298.19, 70),
	(2521, 'Beef - Bones, Marrow', 3, 6, 1, 573.23, 66),
	(2522, 'Soup - Campbells Mushroom', 2, 1, 1, 195.64, 71),
	(2523, 'Butter Sweet', 3, 1, 2, 363.58, 88),
	(2524, 'Yoplait - Strawbrasp Peac', 1, 6, 1, 879.49, 67),
	(2525, 'Muffin Mix - Chocolate Chip', 3, 8, 1, 424.66, 54),
	(2526, 'Veal - Inside Round / Top, Lean', 2, 7, 2, 907.49, 26),
	(2527, 'Lemons', 2, 8, 2, 285.31, 81),
	(2528, 'Pork - Loin, Center Cut', 3, 3, 1, 150.24, 70),
	(2529, 'Spinach - Packaged', 3, 6, 1, 381.68, 33),
	(2530, 'Pie Shells 10', 3, 3, 2, 611.23, 65),
	(2531, 'Lambcasing', 1, 6, 2, 287.37, 40),
	(2532, 'Pastry - Choclate Baked', 2, 7, 2, 988.72, 80),
	(2533, 'Cookies - Englishbay Wht', 1, 7, 2, 991.49, 70),
	(2534, 'Oil - Shortening,liqud, Fry', 3, 3, 1, 148.83, 11),
	(2535, 'Egg Patty Fried', 2, 8, 1, 10.25, 63),
	(2536, 'Ezy Change Mophandle', 1, 6, 2, 631.02, 90),
	(2537, 'Lettuce - Iceberg', 1, 8, 1, 372.43, 53),
	(2538, 'Pork - Smoked Kassler', 2, 7, 2, 1.65, 12),
	(2539, 'Syrup - Monin - Passion Fruit', 3, 2, 2, 273.19, 73),
	(2540, 'Milk - Buttermilk', 2, 4, 1, 344.13, 48),
	(2541, 'Muffin - Bran Ind Wrpd', 2, 1, 2, 79.74, 32),
	(2542, 'Chutney Sauce', 2, 8, 1, 257.28, 13),
	(2543, 'Beer - Rickards Red', 3, 3, 1, 990.88, 81),
	(2544, 'Sauce - Oyster', 1, 3, 2, 424.48, 17),
	(2545, 'Apricots - Dried', 2, 8, 2, 298.48, 89),
	(2546, 'Garlic', 3, 5, 2, 552.22, 47),
	(2547, 'Salt And Pepper Mix - White', 1, 7, 1, 460.59, 38),
	(2548, 'Cheese - Augre Des Champs', 2, 7, 2, 880.28, 79),
	(2549, 'Tequila - Sauza Silver', 1, 2, 2, 468.66, 17),
	(2550, 'Sauce - Ranch Dressing', 2, 8, 1, 356.38, 35),
	(2551, 'Pasta - Canelloni, Single Serve', 3, 4, 1, 882.12, 70),
	(2552, 'Chutney Sauce - Mango', 1, 6, 1, 348.65, 75),
	(2553, 'Water - Tonic', 1, 2, 1, 603.45, 65),
	(2554, 'Tarts Assorted', 1, 5, 1, 203.44, 12),
	(2555, 'Snapple - Iced Tea Peach', 1, 5, 2, 275.89, 1),
	(2556, 'Wine - Dubouef Macon - Villages', 3, 5, 1, 153.91, 1),
	(2557, 'Beef - Bones, Marrow', 2, 3, 2, 235.66, 31),
	(2558, 'Okra', 3, 2, 1, 897.8, 14),
	(2559, 'Turkey Leg With Drum And Thigh', 1, 6, 2, 750.07, 28),
	(2560, 'Poppy Seed', 1, 1, 2, 318.01, 81),
	(2561, 'Chocolate Bar - Coffee Crisp', 3, 3, 2, 122.92, 11),
	(2562, 'Sping Loaded Cup Dispenser', 3, 8, 2, 814.02, 10),
	(2563, 'Wine - Domaine Boyar Royal', 1, 4, 2, 447.15, 98),
	(2564, 'Cheese - Ermite Bleu', 2, 8, 2, 569.7, 85),
	(2565, 'Compound - Rum', 2, 2, 2, 44.42, 67),
	(2566, 'Wine - Red, Concha Y Toro', 1, 3, 2, 547.21, 30),
	(2567, 'Wine - Puligny Montrachet A.', 2, 1, 1, 826.3, 43),
	(2568, 'Cheese - Woolwich Goat, Log', 1, 7, 2, 638.03, 75),
	(2569, 'Cake Circle, Paprus', 3, 8, 2, 412, 95),
	(2570, 'Vermacelli - Sprinkles, Assorted', 1, 5, 2, 652.82, 13),
	(2571, 'Galliano', 3, 4, 1, 358.64, 29),
	(2572, 'Wine - Taylors Reserve', 1, 8, 1, 661.91, 81),
	(2573, 'Versatainer Nc - 9388', 1, 4, 2, 982.97, 38),
	(2574, 'Pepper - Pablano', 2, 2, 1, 737.07, 40),
	(2575, 'Glass Clear 8 Oz', 1, 6, 1, 459.75, 89),
	(2576, 'Scampi Tail', 2, 8, 2, 831.43, 12),
	(2577, 'Lettuce - Lolla Rosa', 3, 7, 2, 574.34, 19),
	(2578, 'Cheese - Stilton', 3, 3, 1, 679.89, 32),
	(2579, 'Potatoes - Idaho 80 Count', 3, 6, 1, 62.18, 99),
	(2580, 'Pork - Sausage Casing', 1, 7, 2, 898.83, 4),
	(2581, 'Cheese - Brie, Cups 125g', 1, 7, 2, 489.65, 54),
	(2582, 'Pheasants - Whole', 3, 5, 2, 694.34, 67),
	(2583, 'Salt - Seasoned', 1, 5, 2, 121.69, 44),
	(2584, 'Tart - Lemon', 3, 3, 2, 931.85, 92),
	(2585, 'Hinge W Undercut', 1, 4, 2, 346.6, 13),
	(2586, 'Straws - Cocktale', 1, 8, 2, 806.32, 46),
	(2587, 'Cheese - Brie, Cups 125g', 3, 3, 1, 824.97, 49),
	(2588, 'Dip - Tapenade', 1, 7, 1, 162.5, 15),
	(2589, 'Hot Choc Vending', 3, 4, 2, 135.98, 57),
	(2590, 'Pears - Fiorelle', 2, 4, 2, 153.1, 3),
	(2591, 'Cookies - Oreo, 4 Pack', 3, 4, 1, 745.24, 20),
	(2592, 'Pork - Kidney', 1, 4, 1, 555.89, 23),
	(2593, 'Beef - Tenderlion, Center Cut', 3, 5, 2, 169.75, 91),
	(2594, 'Lamb - Leg, Diced', 2, 8, 1, 602.96, 67),
	(2595, 'Longos - Chicken Curried', 1, 8, 2, 879.47, 100),
	(2596, 'Pastry - Trippleberry Muffin - Mini', 2, 5, 2, 122.94, 32),
	(2597, 'Meldea Green Tea Liquor', 3, 5, 2, 187.33, 39),
	(2598, 'Oats Large Flake', 3, 3, 1, 833.12, 26),
	(2599, 'Rice Paper', 2, 7, 1, 658.09, 22),
	(2600, 'Sprouts - China Rose', 1, 8, 1, 498.14, 1),
	(2601, 'Chilli Paste, Hot Sambal Oelek', 1, 6, 1, 291.79, 85),
	(2602, 'Nut - Walnut, Chopped', 1, 7, 1, 606.66, 71),
	(2603, 'Maintenance Removal Charge', 2, 2, 1, 135.28, 10),
	(2604, 'Fenngreek Seed', 2, 3, 1, 604.98, 35),
	(2605, 'Grouper - Fresh', 1, 1, 2, 586.94, 44),
	(2606, 'Wine - Magnotta, Merlot Sr Vqa', 3, 3, 2, 720.18, 83),
	(2607, 'Transfer Sheets', 2, 5, 1, 179.84, 99),
	(2608, 'Water - Mineral, Natural', 3, 1, 1, 312.18, 87),
	(2609, 'Veal - Kidney', 1, 3, 2, 191.97, 65),
	(2610, 'Soy Protein', 2, 4, 1, 935.03, 81),
	(2611, 'Wine - Jafflin Bourgongone', 1, 3, 1, 858.17, 37),
	(2612, 'Chilli Paste, Sambal Oelek', 1, 5, 1, 300.4, 17),
	(2613, 'Wine - Red, Lurton Merlot De', 3, 8, 2, 414.36, 37),
	(2614, 'Parsley - Fresh', 3, 1, 2, 633.13, 28),
	(2615, 'Beef - Baby, Liver', 2, 6, 2, 650.55, 83),
	(2616, 'Cod - Salted, Boneless', 2, 1, 2, 878.7, 17),
	(2617, 'Potatoes - Mini Red', 2, 1, 1, 385.11, 69),
	(2618, 'Lamb - Loin Chops', 3, 4, 2, 313.05, 47),
	(2619, 'Sausage - Blood Pudding', 3, 7, 1, 44.51, 79),
	(2620, 'Kellogs Cereal In A Cup', 1, 8, 2, 435.56, 56),
	(2621, 'Gatorade - Orange', 2, 3, 1, 144.35, 57),
	(2622, 'Wine - Touraine Azay - Le - Rideau', 1, 5, 1, 95.8, 27),
	(2623, 'Cheese - Gorgonzola', 3, 7, 2, 968.45, 74),
	(2624, 'Otomegusa Dashi Konbu', 1, 1, 1, 672.76, 78),
	(2625, 'Sugar - Splenda Sweetener', 3, 6, 1, 104.09, 1),
	(2626, 'Venison - Liver', 1, 8, 1, 923.72, 25),
	(2627, 'Yoghurt Tubes', 3, 1, 1, 597.34, 24),
	(2628, 'Latex Rubber Gloves Size 9', 3, 7, 2, 248.29, 87),
	(2629, 'Puree - Kiwi', 3, 1, 1, 793.12, 58),
	(2630, 'Beer - Sleeman Fine Porter', 3, 2, 1, 254.48, 82),
	(2631, 'Muffin Mix - Raisin Bran', 2, 2, 1, 387.3, 8),
	(2632, 'Beef - Chuck, Boneless', 2, 4, 1, 486.68, 10),
	(2633, 'Nori Sea Weed - Gold Label', 1, 1, 1, 229.02, 55),
	(2634, 'Curry Powder', 1, 2, 1, 252.91, 5),
	(2635, 'Fudge - Cream Fudge', 1, 4, 2, 590.53, 29),
	(2636, 'Flax Seed', 3, 1, 2, 549.38, 11),
	(2637, 'Bamboo Shoots - Sliced', 2, 8, 1, 749.73, 63),
	(2638, 'Isomalt', 1, 4, 2, 482.03, 28),
	(2639, 'Seedlings - Clamshell', 3, 3, 2, 375.68, 81),
	(2640, 'Ice Cream - Chocolate', 2, 1, 1, 561.23, 79),
	(2641, 'Tomatoes - Vine Ripe, Yellow', 3, 6, 1, 864.58, 88),
	(2642, 'Asparagus - White, Canned', 3, 4, 1, 925.13, 36),
	(2643, 'Yoghurt Tubes', 2, 6, 1, 10.05, 33),
	(2644, 'Nantucket Pine Orangebanana', 1, 2, 1, 7.42, 27),
	(2645, 'Five Alive Citrus', 2, 7, 2, 869.24, 65),
	(2646, 'Sole - Fillet', 2, 5, 2, 201.52, 83),
	(2647, 'Sugar - White Packet', 3, 6, 2, 469.47, 59),
	(2648, 'Bread - Granary Small Pull', 2, 4, 2, 120.19, 19),
	(2649, 'Eggs - Extra Large', 3, 6, 1, 497.78, 83),
	(2650, 'Beer - Maudite', 2, 1, 2, 189.08, 9),
	(2651, 'Nectarines', 3, 1, 2, 91.85, 85),
	(2652, 'Crab Meat Claw Pasteurise', 1, 3, 2, 299.25, 97),
	(2653, 'Pastry - Apple Large', 1, 1, 2, 371.65, 29),
	(2654, 'Fond - Chocolate', 1, 5, 1, 277.31, 42),
	(2655, 'Dill Weed - Fresh', 1, 6, 1, 424.22, 58),
	(2656, 'Lemonade - Strawberry, 591 Ml', 1, 1, 1, 914.53, 4),
	(2657, 'Sauce Tomato Pouch', 2, 7, 1, 954.09, 98),
	(2658, 'Lamb - Whole, Frozen', 1, 2, 2, 67.23, 77),
	(2659, 'Beef - Kindney, Whole', 1, 3, 1, 538.83, 79),
	(2660, 'Vaccum Bag - 14x20', 3, 6, 1, 715.14, 94),
	(2661, 'Turkey - Breast, Boneless Sk On', 2, 8, 1, 949, 8),
	(2662, 'Squash - Acorn', 1, 7, 2, 751.51, 72),
	(2663, 'Ecolab - Medallion', 1, 7, 1, 824.8, 61),
	(2664, 'Wine - Harrow Estates, Vidal', 1, 6, 1, 845.08, 5),
	(2665, 'Wine - Alsace Gewurztraminer', 3, 7, 2, 410.6, 28),
	(2666, 'Juice - Cranberry, 341 Ml', 1, 8, 1, 404.39, 87),
	(2667, 'Bread - Rolls, Rye', 3, 6, 1, 739.2, 71),
	(2668, 'Sloe Gin - Mcguinness', 1, 4, 2, 695.62, 78),
	(2669, 'Extract - Almond', 2, 4, 2, 452.54, 4),
	(2670, 'Truffle Cups Green', 2, 4, 2, 883.3, 55),
	(2671, 'Rice - Brown', 3, 4, 2, 38.84, 14),
	(2672, 'Apricots Fresh', 3, 4, 1, 346.35, 97),
	(2673, 'Mustard - Pommery', 3, 3, 2, 228.39, 29),
	(2674, 'Wine - Vineland Estate Semi - Dry', 3, 3, 1, 507.88, 51),
	(2675, 'Nutmeg - Ground', 2, 7, 2, 279.75, 19),
	(2676, 'Syrup - Monin, Irish Cream', 3, 5, 1, 703.62, 29),
	(2677, 'Ecolab - Ster Bac', 3, 1, 2, 537.82, 20),
	(2678, 'Dc - Sakura Fu', 2, 8, 2, 196.96, 25),
	(2679, 'Pea - Snow', 1, 4, 1, 440.85, 27),
	(2680, 'Hot Chocolate - Individual', 1, 5, 1, 306.94, 91),
	(2681, 'Glove - Cutting', 2, 3, 2, 931.43, 54),
	(2682, 'Bandage - Finger Cots', 1, 4, 2, 396.31, 18),
	(2683, 'Chervil - Fresh', 1, 1, 1, 457.7, 56),
	(2684, 'Juice - Clamato, 341 Ml', 2, 2, 1, 13.47, 51),
	(2685, 'Wine - Magnotta - Bel Paese White', 1, 5, 1, 83.09, 6),
	(2686, 'Wine - Red, Black Opal Shiraz', 3, 2, 2, 152.32, 66),
	(2687, 'Carbonated Water - Strawberry', 2, 4, 1, 978.61, 41),
	(2688, 'Tequila - Sauza Silver', 3, 3, 2, 679.06, 6),
	(2689, 'Coriander - Ground', 1, 3, 1, 88.47, 61),
	(2690, 'Lemon Balm - Fresh', 2, 2, 1, 3.11, 11),
	(2691, 'Mountain Dew', 3, 3, 1, 553.5, 10),
	(2692, 'Nantucket - Pomegranate Pear', 3, 1, 1, 258.5, 90),
	(2693, 'Beef - Ground, Extra Lean, Fresh', 1, 5, 1, 639.58, 66),
	(2694, 'Coffee - Cafe Moreno', 2, 8, 2, 517.72, 78),
	(2695, 'Mushroom - White Button', 1, 6, 2, 953.91, 14),
	(2696, 'Ecolab - Medallion', 1, 6, 2, 195.36, 34),
	(2697, 'Milk - 2%', 1, 2, 1, 677.84, 81),
	(2698, 'Tea - Black Currant', 1, 1, 1, 305.76, 39),
	(2699, 'Pie Shell - 9', 1, 1, 1, 812.32, 97),
	(2700, 'Onions - Vidalia', 2, 3, 2, 901.54, 83),
	(2701, 'Juice - Happy Planet', 2, 4, 2, 535.27, 27),
	(2702, 'Mix Pina Colada', 3, 6, 2, 21.45, 63),
	(2703, 'Chocolate - Chips Compound', 2, 6, 2, 807.46, 23),
	(2704, 'Macaroons - Two Bite Choc', 2, 6, 1, 416.31, 30),
	(2705, 'Cheese - Cream Cheese', 3, 6, 1, 922.88, 42),
	(2706, 'Bread - Frozen Basket Variety', 3, 3, 2, 885.06, 44),
	(2707, 'Beans - Black Bean, Preserved', 2, 8, 2, 467.79, 85),
	(2708, 'Onion - Dried', 3, 2, 1, 221.98, 34),
	(2709, 'Bread - Corn Muffaletta', 3, 4, 1, 692.49, 94),
	(2710, 'Water - Green Tea Refresher', 2, 5, 1, 183.06, 47),
	(2711, 'Pan Grease', 2, 8, 1, 255.13, 85),
	(2712, 'Fish - Artic Char, Cold Smoked', 3, 3, 2, 418.92, 55),
	(2713, 'Anchovy Paste - 56 G Tube', 2, 8, 2, 238.77, 28),
	(2714, 'Table Cloth 120 Round White', 1, 2, 2, 542.94, 36),
	(2715, 'Chocolate - Milk Coating', 1, 7, 1, 796.62, 27),
	(2716, 'Cheese - Colby', 3, 2, 1, 209.17, 29),
	(2717, 'Potatoes - Idaho 80 Count', 2, 2, 1, 130.89, 81),
	(2718, 'Onions - Red Pearl', 2, 8, 1, 839.34, 17),
	(2719, 'Juice - Apple Cider', 1, 8, 2, 568.62, 99),
	(2720, 'Pastry - Butterscotch Baked', 1, 2, 2, 450.48, 63),
	(2721, 'Buffalo - Striploin', 1, 7, 2, 33.26, 86),
	(2722, 'Eggs - Extra Large', 1, 7, 2, 802.46, 49),
	(2723, 'Water - Mineral, Natural', 2, 6, 1, 483.29, 28),
	(2724, 'Wine - Shiraz South Eastern', 1, 7, 1, 525.66, 17),
	(2725, 'Versatainer Nc - 9388', 1, 4, 1, 578.67, 16),
	(2726, 'Wine - Beringer Founders Estate', 3, 5, 2, 240.43, 51),
	(2727, 'Cauliflower', 1, 1, 2, 112.45, 48),
	(2728, 'Muffin Mix - Lemon Cranberry', 2, 6, 1, 866.56, 19),
	(2729, 'Plastic Arrow Stir Stick', 1, 8, 1, 546.06, 44),
	(2730, 'Daikon Radish', 1, 1, 2, 952.81, 57),
	(2731, 'Sauce - Soy Low Sodium - 3.87l', 1, 1, 1, 378.61, 23),
	(2732, 'Clam - Cherrystone', 2, 1, 1, 516.95, 80),
	(2733, 'Cassis', 3, 4, 1, 599.84, 85),
	(2734, 'Seaweed Green Sheets', 2, 1, 1, 393.51, 33),
	(2735, 'Grapes - Green', 3, 4, 1, 218.57, 63),
	(2736, 'Beef - Ground Lean Fresh', 2, 6, 1, 573.39, 1),
	(2737, 'Magnotta Bel Paese Red', 3, 5, 1, 892.28, 40),
	(2738, 'Pate - Peppercorn', 1, 7, 1, 305.43, 69),
	(2739, 'Mcguinness - Blue Curacao', 3, 6, 1, 160.94, 94),
	(2740, 'Bread - Dark Rye', 2, 6, 1, 909.67, 46),
	(2741, 'Maple Syrup', 3, 3, 2, 316.83, 48),
	(2742, 'Quail - Jumbo Boneless', 2, 3, 1, 376.75, 89),
	(2743, 'Buffalo - Short Rib Fresh', 1, 1, 2, 815.15, 2),
	(2744, 'Pork Ham Prager', 3, 5, 1, 515.88, 39),
	(2745, 'Bread Base - Gold Formel', 3, 6, 2, 81.21, 72),
	(2746, 'Red Currant Jelly', 2, 4, 2, 538, 50),
	(2747, 'Steam Pan - Half Size Deep', 1, 4, 1, 825.43, 74),
	(2748, 'Wine - Balbach Riverside', 3, 6, 1, 623.19, 48),
	(2749, 'Roe - Lump Fish, Black', 1, 8, 2, 875.34, 16),
	(2750, 'Juice - Grape, White', 3, 8, 2, 61.74, 9),
	(2751, 'Wine - Red, Lurton Merlot De', 1, 7, 2, 128.89, 40),
	(2752, 'Onions - Green', 3, 2, 2, 495.64, 35),
	(2753, 'Cheese - Stilton', 3, 3, 2, 807.27, 65),
	(2754, 'Yucca', 1, 3, 1, 8.34, 3),
	(2755, 'Nut - Walnut, Chopped', 2, 5, 1, 373.71, 16),
	(2756, 'Beef - Rib Roast, Capless', 3, 2, 1, 15.28, 99),
	(2757, 'Cloves - Ground', 1, 4, 2, 78.24, 81),
	(2758, 'Pepper - Chili Powder', 1, 8, 2, 13.84, 86),
	(2759, 'Maintenance Removal Charge', 3, 7, 1, 703.02, 55),
	(2760, 'Beef - Ox Tongue, Pickled', 1, 7, 2, 133.02, 55),
	(2761, 'Coffee - Beans, Whole', 3, 7, 1, 822.4, 43),
	(2762, 'Cheese - Mozzarella', 3, 2, 2, 13.16, 10),
	(2763, 'Capon - Breast, Wing On', 2, 6, 2, 632.52, 33),
	(2764, 'Onions Granulated', 1, 5, 2, 75.26, 35),
	(2765, 'Garlic', 1, 5, 2, 967.88, 31),
	(2766, 'Cheese - Montery Jack', 2, 4, 2, 419.15, 28),
	(2767, 'Pepper - Chipotle, Canned', 2, 7, 2, 921.19, 69),
	(2768, 'Cape Capensis - Fillet', 2, 2, 2, 54.55, 42),
	(2769, 'Paper - Brown Paper Mini Cups', 2, 6, 1, 708.35, 75),
	(2770, 'Bread - Multigrain', 3, 1, 2, 83.85, 77),
	(2771, 'Wine - Chianti Classico Riserva', 3, 7, 2, 757.03, 50),
	(2772, 'Sauce - Caesar Dressing', 3, 6, 1, 324.79, 19),
	(2773, 'Spinach - Packaged', 2, 3, 2, 271.03, 93),
	(2774, 'Dried Apple', 1, 8, 2, 203.19, 52),
	(2775, 'Sauce - Sesame Thai Dressing', 2, 6, 1, 567.75, 21),
	(2776, 'Muffin Hinge 117n', 1, 1, 2, 691.06, 65),
	(2777, 'Venison - Striploin', 3, 2, 1, 510.84, 29),
	(2778, 'Turnip - White, Organic', 2, 3, 2, 694.44, 78),
	(2779, 'Marjoram - Dried, Rubbed', 2, 6, 1, 671.4, 45),
	(2780, 'Arizona - Green Tea', 3, 8, 1, 124.48, 28),
	(2781, 'Everfresh Products', 1, 6, 2, 998.71, 14),
	(2782, 'Ecolab - Balanced Fusion', 1, 1, 2, 335.55, 43),
	(2783, 'Langers - Cranberry Cocktail', 3, 3, 1, 538.85, 90),
	(2784, 'Brocolinni - Gaylan, Chinese', 3, 3, 1, 737.41, 3),
	(2785, 'Veal - Sweetbread', 2, 3, 1, 611.25, 67),
	(2786, 'Crackers - Trio', 2, 3, 1, 874.84, 84),
	(2787, 'Oil - Shortening - All - Purpose', 1, 3, 2, 106.51, 80),
	(2788, 'Bread - Mini Hamburger Bun', 3, 8, 2, 646.03, 78),
	(2789, 'Rice - Long Grain', 2, 5, 1, 676.56, 70),
	(2790, 'Muffin Mix - Oatmeal', 1, 8, 1, 717.67, 22),
	(2791, 'Straw - Regular', 3, 8, 1, 626.6, 16),
	(2792, 'Pork - Bones', 2, 2, 2, 802.5, 53),
	(2793, 'Onions Granulated', 3, 4, 1, 172.44, 96),
	(2794, 'Wine - Vineland Estate Semi - Dry', 2, 3, 2, 965.3, 74),
	(2795, 'Bread - Dark Rye, Loaf', 2, 2, 2, 674.34, 94),
	(2796, 'Oxtail - Cut', 2, 3, 1, 862.46, 78),
	(2797, 'Bread - Rosemary Focaccia', 1, 2, 1, 279.16, 70),
	(2798, 'Whmis - Spray Bottle Trigger', 3, 6, 1, 773.2, 58),
	(2799, 'Wine - Saint Emilion Calvet', 1, 6, 1, 765.71, 44),
	(2800, 'Garlic - Elephant', 3, 7, 1, 218.87, 46),
	(2801, 'Asparagus - Green, Fresh', 1, 8, 2, 412.4, 15),
	(2802, 'Tofu - Soft', 3, 5, 2, 582.61, 30),
	(2803, 'Madeira', 2, 7, 1, 242.13, 91),
	(2804, 'Seaweed Green Sheets', 1, 8, 2, 233.67, 68),
	(2805, 'Iced Tea - Lemon, 340ml', 2, 4, 1, 746.53, 43),
	(2806, 'French Pastry - Mini Chocolate', 1, 3, 2, 546.33, 62),
	(2807, 'Orange Roughy 4/6 Oz', 2, 7, 2, 388.74, 38),
	(2808, 'Fruit Salad Deluxe', 3, 8, 1, 924.46, 76),
	(2809, 'Mix - Cocktail Ice Cream', 3, 5, 1, 176.71, 57),
	(2810, 'Cranberries - Frozen', 2, 4, 1, 874.86, 77),
	(2811, 'Muffin Batt - Choc Chk', 3, 3, 2, 66.92, 64),
	(2812, 'Stock - Fish', 2, 5, 1, 125.91, 81),
	(2813, 'V8 Splash Strawberry Kiwi', 2, 2, 2, 387.97, 15),
	(2814, 'Soup Campbells - Tomato Bisque', 2, 7, 2, 899.86, 41),
	(2815, 'Beef - Tongue, Cooked', 3, 2, 1, 392.12, 42),
	(2816, 'Tart - Lemon', 2, 2, 1, 995.23, 92),
	(2817, 'Oregano - Fresh', 2, 3, 2, 857.73, 55),
	(2818, 'Beans - Navy, Dry', 3, 1, 1, 565.67, 40),
	(2819, 'Dried Figs', 3, 1, 1, 221.16, 29),
	(2820, 'Bread - Petit Baguette', 3, 6, 1, 366.82, 2),
	(2821, 'Pork - Back Ribs', 2, 8, 2, 220.38, 33),
	(2822, 'Beer - Rickards Red', 1, 5, 1, 955.7, 9),
	(2823, 'Wine - Fume Blanc Fetzer', 1, 3, 1, 14.15, 42),
	(2824, 'Rosemary - Primerba, Paste', 3, 3, 2, 568.61, 79),
	(2825, 'Miso Paste White', 2, 1, 2, 83.88, 64),
	(2826, 'Paper Cocktail Umberlla 80 - 180', 2, 5, 1, 898.5, 12),
	(2827, 'Bread Fig And Almond', 1, 1, 2, 590.11, 55),
	(2828, 'Wine - Port Late Bottled Vintage', 3, 3, 1, 963.52, 2),
	(2829, 'Beef - Salted', 3, 4, 1, 648.34, 86),
	(2830, 'Steampan Lid', 3, 1, 1, 624.94, 7),
	(2831, 'Cookie - Oatmeal', 2, 6, 2, 637.48, 15),
	(2832, 'Arizona - Plum Green Tea', 2, 4, 2, 306.98, 26),
	(2833, 'Bread Cranberry Foccacia', 2, 5, 1, 291.61, 28),
	(2834, 'Scallops 60/80 Iqf', 2, 7, 2, 586.99, 90),
	(2835, 'Juice - Clam, 46 Oz', 1, 2, 1, 746.37, 36),
	(2836, 'Tomatoes - Orange', 3, 8, 2, 346.16, 31),
	(2837, 'Lentils - Green, Dry', 1, 7, 1, 99.73, 91),
	(2838, 'Sprite - 355 Ml', 2, 7, 1, 876.32, 82),
	(2839, 'Juice - Grapefruit, 341 Ml', 2, 4, 1, 205.68, 64),
	(2840, 'Roe - Lump Fish, Red', 2, 2, 1, 174.33, 30),
	(2841, 'Smoked Tongue', 3, 8, 1, 283.82, 82),
	(2842, 'Oil - Truffle, White', 2, 5, 2, 597.38, 53),
	(2843, 'Beef Wellington', 3, 8, 1, 607.84, 8),
	(2844, 'Coffee - Decafenated', 3, 6, 2, 453.03, 61),
	(2845, 'Cabbage - Red', 3, 1, 1, 698.55, 29),
	(2846, 'Peach - Fresh', 1, 1, 2, 53.85, 46),
	(2847, 'Sherry - Dry', 1, 5, 1, 443.83, 93),
	(2848, 'Garlic', 1, 2, 1, 733.79, 84),
	(2849, 'Salt - Seasoned', 1, 8, 2, 256.72, 31),
	(2850, 'Pork Loin Cutlets', 2, 8, 1, 840.54, 69),
	(2851, 'Carrots - Purple, Organic', 2, 4, 2, 255.15, 75),
	(2852, 'Chicken - Livers', 3, 4, 1, 554.16, 52),
	(2853, 'Egg Patty Fried', 2, 6, 2, 495.24, 46),
	(2854, 'Wine - Mas Chicet Rose, Vintage', 2, 1, 1, 671.16, 9),
	(2855, 'Spring Roll Wrappers', 2, 8, 2, 581.19, 100),
	(2856, 'Tomatoes Tear Drop', 1, 7, 1, 535.99, 3),
	(2857, 'Cheese - Parmigiano Reggiano', 2, 6, 1, 813.78, 95),
	(2858, 'Blue Curacao - Marie Brizard', 1, 1, 2, 251.79, 16),
	(2859, 'Lamb Rack - Ontario', 1, 1, 1, 954.75, 68),
	(2860, 'Scallops - 10/20', 2, 6, 2, 192.24, 60),
	(2861, 'Chips Potato All Dressed - 43g', 2, 8, 1, 700.54, 82),
	(2862, 'Basil - Primerba, Paste', 1, 8, 2, 679.43, 40),
	(2863, 'Wine - Red, Marechal Foch', 1, 4, 1, 361.85, 32),
	(2864, 'Pastry - Chocolate Marble Tea', 2, 1, 2, 605.62, 24),
	(2865, 'Tuna - Loin', 1, 7, 1, 287.53, 57),
	(2866, 'Apple - Granny Smith', 2, 8, 2, 81.54, 15),
	(2867, 'Compound - Pear', 2, 1, 1, 667.38, 61),
	(2868, 'Country Roll', 1, 7, 2, 246.82, 55),
	(2869, 'Saskatoon Berries - Frozen', 2, 3, 2, 267.32, 15),
	(2870, 'Fish - Base, Bouillion', 3, 6, 1, 736.44, 21),
	(2871, 'Bread - Pumpernickle, Rounds', 3, 4, 2, 897.03, 63),
	(2872, 'Soup - Campbells Chili', 2, 5, 1, 111.78, 63),
	(2873, 'Wine - Magnotta, White', 3, 7, 2, 219.47, 34),
	(2874, 'Pork - Bacon, Double Smoked', 2, 6, 1, 57.17, 39),
	(2875, 'Wine - Vovray Sec Domaine Huet', 1, 7, 2, 898.34, 24),
	(2876, 'Eggplant - Baby', 3, 8, 2, 813.2, 55),
	(2877, 'Lid Coffee Cup 8oz Blk', 3, 3, 1, 649.69, 82),
	(2878, 'Food Colouring - Red', 1, 7, 1, 721.72, 59),
	(2879, 'Bag Clear 10 Lb', 2, 1, 2, 305.7, 45),
	(2880, 'Pepper - White, Ground', 3, 2, 2, 188.66, 55),
	(2881, 'Coffee Cup 16oz Foam', 1, 8, 1, 522.81, 89),
	(2882, 'Pasta - Linguini, Dry', 3, 5, 2, 995.53, 86),
	(2883, 'Gatorade - Cool Blue Raspberry', 1, 6, 1, 695.8, 34),
	(2884, 'Yams', 2, 7, 1, 808.57, 33),
	(2885, 'Savory', 1, 8, 1, 943.96, 19),
	(2886, 'Paper - Brown Paper Mini Cups', 2, 5, 2, 327.37, 14),
	(2887, 'Cod - Black Whole Fillet', 2, 8, 2, 676.38, 71),
	(2888, 'Pork - Tenderloin, Fresh', 3, 1, 2, 957.11, 65),
	(2889, 'Mop Head - Cotton, 24 Oz', 2, 2, 2, 837.93, 27),
	(2890, 'Crackers - Trio', 3, 8, 2, 162.39, 39),
	(2891, 'Juice - Cranberry, 341 Ml', 3, 4, 1, 583.87, 63),
	(2892, 'Longos - Cheese Tortellini', 3, 8, 2, 771.53, 57),
	(2893, 'Grenadillo', 1, 6, 2, 806.71, 5),
	(2894, 'Chips Potato All Dressed - 43g', 2, 3, 2, 109.21, 4),
	(2895, 'Lamb Leg - Bone - In Nz', 2, 3, 2, 19.19, 51),
	(2896, 'Cheese - Mix', 2, 3, 2, 619.25, 85),
	(2897, 'Sunflower Seed Raw', 2, 4, 2, 696.02, 70),
	(2898, 'Bread - Multigrain Oval', 1, 7, 1, 498.53, 91),
	(2899, 'Soy Protein', 2, 6, 1, 843.59, 11),
	(2900, 'Wine - Ej Gallo Sierra Valley', 1, 8, 1, 737.67, 91),
	(2901, 'Potatoes - Idaho 100 Count', 3, 8, 2, 464.07, 65),
	(2902, 'Capers - Pickled', 3, 5, 2, 793.04, 35),
	(2903, 'Flour - Teff', 2, 7, 1, 722.18, 23),
	(2904, 'Muffin - Mix - Creme Brule 15l', 2, 4, 1, 980.74, 15),
	(2905, 'Sauce - Thousand Island', 2, 7, 2, 470.72, 57),
	(2906, 'Pectin', 1, 6, 1, 388.72, 89),
	(2907, 'Long Island Ice Tea', 1, 2, 2, 955.51, 66),
	(2908, 'Beef - Ground, Extra Lean, Fresh', 2, 3, 1, 229.78, 17),
	(2909, 'Russian Prince', 2, 4, 2, 835.92, 14),
	(2910, 'Beans - Wax', 2, 2, 1, 476.55, 38),
	(2911, 'Soupfoamcont12oz 112con', 2, 8, 2, 677.25, 25),
	(2912, 'Pork - Suckling Pig', 1, 2, 1, 347.65, 33),
	(2913, 'Wine - Cousino Macul Antiguas', 1, 4, 1, 671.91, 12),
	(2914, 'Table Cloth 62x114 White', 1, 1, 1, 425.67, 8),
	(2915, 'Wine - Pinot Noir Mondavi Coastal', 1, 5, 2, 685.44, 52),
	(2916, 'Schnappes - Peach, Walkers', 2, 6, 2, 517.06, 44),
	(2917, 'Mix - Cappucino Cocktail', 1, 2, 1, 981.76, 33),
	(2918, 'Bread - Dark Rye, Loaf', 2, 5, 2, 340.33, 37),
	(2919, 'Pie Pecan', 2, 5, 1, 620.51, 37),
	(2920, 'Egg Patty Fried', 2, 2, 1, 741.15, 63),
	(2921, 'Soup - Campbells Broccoli', 2, 7, 2, 43.74, 6),
	(2922, 'Sesame Seed Black', 3, 3, 2, 22.58, 90),
	(2923, 'Peach - Halves', 3, 1, 2, 514.83, 23),
	(2924, 'Cookies - Assorted', 3, 6, 1, 812.11, 15),
	(2925, 'Croissant, Raw - Mini', 3, 5, 2, 369.36, 33),
	(2926, 'Island Oasis - Peach Daiquiri', 1, 1, 2, 136.52, 17),
	(2927, 'Pepper - Cubanelle', 1, 4, 2, 817.22, 11),
	(2928, 'Chocolate - Chips Compound', 2, 6, 1, 618.95, 41),
	(2929, 'Mushroom - Morels, Dry', 2, 6, 2, 169.02, 34),
	(2930, 'Beer - Rickards Red', 3, 3, 1, 128.72, 94),
	(2931, 'Mushroom - Morels, Dry', 1, 5, 1, 841.56, 2),
	(2932, 'Pasta - Gnocchi, Potato', 1, 8, 1, 283.83, 48),
	(2933, 'Gooseberry', 2, 8, 1, 829.02, 86),
	(2934, 'Bowl 12 Oz - Showcase 92012', 1, 4, 1, 447.11, 50),
	(2935, 'Stock - Chicken, White', 1, 5, 2, 635.38, 88),
	(2936, 'Apple - Custard', 3, 5, 2, 478.34, 72),
	(2937, 'Chickhen - Chicken Phyllo', 2, 3, 1, 256.79, 69),
	(2938, 'Longos - Penne With Pesto', 1, 1, 2, 838.74, 59),
	(2939, 'Iced Tea Concentrate', 2, 3, 1, 557.92, 10),
	(2940, 'Duck - Breast', 1, 6, 2, 30.61, 11),
	(2941, 'Soup - Campbells, Lentil', 1, 2, 1, 782.8, 82),
	(2942, 'Wine - Rosso Del Veronese Igt', 2, 7, 2, 33.61, 31),
	(2943, 'Onions - Dried, Chopped', 2, 5, 2, 264.21, 29),
	(2944, 'Stock - Beef, White', 3, 5, 2, 293.29, 85),
	(2945, 'Duck - Breast', 3, 2, 1, 451.35, 43),
	(2946, 'Fond - Chocolate', 1, 7, 2, 33.43, 80),
	(2947, 'Wine - Beringer Founders Estate', 1, 7, 2, 675.95, 1),
	(2948, 'Brandy Apricot', 3, 2, 2, 719.23, 57),
	(2949, 'Saskatoon Berries - Frozen', 2, 5, 1, 528.12, 43),
	(2950, 'Pimento - Canned', 3, 2, 2, 929, 75),
	(2951, 'Olives - Morracan Dired', 2, 3, 1, 90.83, 33),
	(2952, 'Apple - Custard', 3, 6, 1, 528.89, 65),
	(2953, 'Bread Crumbs - Japanese Style', 3, 4, 1, 643.35, 48),
	(2954, 'Celery', 3, 5, 2, 346.6, 1),
	(2955, 'Flavouring Vanilla Artificial', 2, 6, 1, 780.21, 69),
	(2956, 'Eggplant - Baby', 3, 5, 1, 879.69, 30),
	(2957, 'Bagelers - Cinn / Brown', 2, 5, 2, 189.72, 37),
	(2958, 'Oil - Avocado', 1, 3, 1, 806.56, 96),
	(2959, 'Ecolab Crystal Fusion', 3, 3, 2, 78.7, 74),
	(2960, 'Flour - Strong Pizza', 3, 2, 2, 823.82, 63),
	(2961, 'Muffin - Mix - Mango Sour Cherry', 1, 1, 2, 539.42, 63),
	(2962, 'Lady Fingers', 1, 3, 2, 124.12, 66),
	(2963, 'Chutney Sauce', 2, 2, 2, 440.91, 64),
	(2964, 'Tofu - Soft', 1, 4, 2, 897.55, 63),
	(2965, 'Sugar Thermometer', 3, 5, 2, 79.91, 18),
	(2966, 'Flavouring - Rum', 2, 6, 1, 822.69, 69),
	(2967, 'Nut - Hazelnut, Whole', 2, 3, 2, 294.17, 86),
	(2968, 'Anchovy Paste - 56 G Tube', 1, 2, 1, 385.88, 63),
	(2969, 'Salmon - Fillets', 1, 2, 2, 606.67, 35),
	(2970, 'Mix - Cocktail Strawberry Daiquiri', 2, 1, 1, 916.39, 52),
	(2971, 'Juice - Apple, 1.36l', 3, 4, 1, 747.52, 85),
	(2972, 'Tart - Pecan Butter Squares', 3, 2, 2, 559.13, 64),
	(2973, 'Pork - Ground', 2, 3, 2, 56.96, 90),
	(2974, 'Caviar - Salmon', 1, 4, 1, 741.61, 35),
	(2975, 'Apple - Delicious, Golden', 1, 7, 2, 239.57, 49),
	(2976, 'Tray - 16in Rnd Blk', 2, 6, 1, 400.47, 35),
	(2977, 'Molasses - Fancy', 2, 3, 2, 23.71, 50),
	(2978, 'Apple - Delicious, Golden', 2, 8, 1, 825.94, 69),
	(2979, 'Plums - Red', 3, 2, 1, 853.63, 63),
	(2980, 'Sobe - Liz Blizz', 2, 4, 1, 983.18, 59),
	(2981, 'Lamb - Whole, Frozen', 3, 2, 1, 491.62, 94),
	(2982, 'Shrimp - Black Tiger 6 - 8', 2, 3, 1, 362.73, 61),
	(2983, 'Cheese Cheddar Processed', 1, 3, 2, 702.59, 71),
	(2984, 'Beer - Labatt Blue', 2, 8, 1, 467.02, 79),
	(2985, 'Veal - Leg', 3, 2, 1, 623.32, 11),
	(2986, 'Muffin Mix - Carrot', 2, 5, 2, 651.81, 19),
	(2987, 'Truffle Shells - White Chocolate', 2, 6, 1, 279.4, 71),
	(2988, 'Cookie Choc', 1, 6, 1, 717.17, 41),
	(2989, 'Pasta - Penne, Lisce, Dry', 2, 7, 2, 502.66, 35),
	(2990, 'Bread - Crumbs, Bulk', 2, 1, 1, 240.69, 23),
	(2991, 'Lettuce - Spring Mix', 1, 3, 1, 418.18, 88),
	(2992, 'Ham - Virginia', 1, 1, 1, 896.57, 60),
	(2993, 'Tuna - Salad Premix', 1, 3, 1, 107.02, 53),
	(2994, 'Eggplant - Asian', 1, 2, 2, 803.73, 61),
	(2995, 'Sauce - Mint', 3, 7, 1, 116.71, 44),
	(2996, 'Salmon - Whole, 4 - 6 Pounds', 1, 5, 1, 837.89, 85),
	(2997, 'Anchovy Fillets', 3, 7, 1, 109.55, 19),
	(2998, 'Water Chestnut - Canned', 1, 5, 2, 785.31, 57),
	(2999, 'Haggis', 3, 2, 2, 744.65, 47),
	(3000, 'Myers Planters Punch', 2, 7, 2, 594.67, 62);
/*!40000 ALTER TABLE `product` ENABLE KEYS */;

-- Dumping structure for table shirt-shop.product_catagory
CREATE TABLE IF NOT EXISTS `product_catagory` (
  `product_catagory_id` int NOT NULL AUTO_INCREMENT,
  `product_catagory_name` text CHARACTER SET utf8mb4 COLLATE utf8mb4_0900_ai_ci NOT NULL,
  PRIMARY KEY (`product_catagory_id`)
) ENGINE=InnoDB AUTO_INCREMENT=4 DEFAULT CHARSET=utf8mb4 COLLATE=utf8mb4_0900_ai_ci;

-- Dumping data for table shirt-shop.product_catagory: ~3 rows (approximately)
/*!40000 ALTER TABLE `product_catagory` DISABLE KEYS */;
REPLACE INTO `product_catagory` (`product_catagory_id`, `product_catagory_name`) VALUES
	(1, 'Plain Color'),
	(2, 'Pattern'),
	(3, 'Figure');
/*!40000 ALTER TABLE `product_catagory` ENABLE KEYS */;

-- Dumping structure for table shirt-shop.product_gender
CREATE TABLE IF NOT EXISTS `product_gender` (
  `product_gender_id` int NOT NULL AUTO_INCREMENT,
  `product_gender_name` varchar(50) DEFAULT NULL,
  PRIMARY KEY (`product_gender_id`)
) ENGINE=InnoDB AUTO_INCREMENT=3 DEFAULT CHARSET=utf8mb4 COLLATE=utf8mb4_0900_ai_ci;

-- Dumping data for table shirt-shop.product_gender: ~2 rows (approximately)
/*!40000 ALTER TABLE `product_gender` DISABLE KEYS */;
REPLACE INTO `product_gender` (`product_gender_id`, `product_gender_name`) VALUES
	(1, 'ชาย'),
	(2, 'หญิง');
/*!40000 ALTER TABLE `product_gender` ENABLE KEYS */;

-- Dumping structure for table shirt-shop.product_size
CREATE TABLE IF NOT EXISTS `product_size` (
  `product_size_id` int NOT NULL AUTO_INCREMENT,
  `product_size_name` varchar(50) DEFAULT NULL,
  PRIMARY KEY (`product_size_id`)
) ENGINE=InnoDB AUTO_INCREMENT=9 DEFAULT CHARSET=utf8mb4 COLLATE=utf8mb4_0900_ai_ci;

-- Dumping data for table shirt-shop.product_size: ~8 rows (approximately)
/*!40000 ALTER TABLE `product_size` DISABLE KEYS */;
REPLACE INTO `product_size` (`product_size_id`, `product_size_name`) VALUES
	(1, 'S'),
	(2, 'M'),
	(3, 'L'),
	(4, 'XL'),
	(5, '2XL'),
	(6, '3XL'),
	(7, '4XL'),
	(8, '5XL');
/*!40000 ALTER TABLE `product_size` ENABLE KEYS */;

-- Dumping structure for table shirt-shop.user
CREATE TABLE IF NOT EXISTS `user` (
  `user_id` int NOT NULL AUTO_INCREMENT,
  `user_name` varchar(100) DEFAULT '',
  `user_surname` varchar(100) DEFAULT '',
  `user_username` varchar(100) DEFAULT '',
  `user_hash` text CHARACTER SET utf8mb4 COLLATE utf8mb4_0900_ai_ci,
  `user_salt` text,
  `user_role` int NOT NULL,
  PRIMARY KEY (`user_id`),
  KEY `FK_user_role` (`user_role`),
  CONSTRAINT `FK_user_role` FOREIGN KEY (`user_role`) REFERENCES `user_role` (`role_id`)
) ENGINE=InnoDB AUTO_INCREMENT=1003 DEFAULT CHARSET=utf8mb4 COLLATE=utf8mb4_0900_ai_ci;

-- Dumping data for table shirt-shop.user: ~0 rows (approximately)
/*!40000 ALTER TABLE `user` DISABLE KEYS */;
REPLACE INTO `user` (`user_id`, `user_name`, `user_surname`, `user_username`, `user_hash`, `user_salt`, `user_role`) VALUES
	(1, 'บัณฑิต', 'คุ้มสวัสดิ์', 'admin', '16f99bc8a8f28340b2d996ba5df1439b23f62237a39f738e1ca5276f57e37e5083e8919e483501270885a7be23409c4d4675d6568378519a8e6e5eca10cbc887d41a71b493701be43a35e362cd3f5d94aaa0de70110f2696337a3acdb3c2b4a45f31819a82638586552c80de32de8040b87bfa4fa299bee1f73347fda0081a4bff9c9f3631afe429f18c458bce00ef164ccf3e3a742859686e85e9652f68154d3cc8c8fcfc57ff3fb651811d1a6ff59a441222584a29065ec21fdb1186448eabb7bb9c41082b12b2b3b6f0dbf7b7326d77538ac76dc60e31fa9da8bac401fe49292b454848440a6c4b6cd1f7fb9e75d7318ba2fe56a0113c0b6a545eb3dcc129a3e8f3a6e388972c6e83995cb898bde43ef71143a3ba96cb0c02ae3a5ae15219c7c1c81a81961b2b1029abd370412ba3e61dc7404928e5a62b67c7ea187a8a388c640bfc9fc708f4c6f3c3a0900e77f98f6d3d07c71de4f8fe2147aa8598e91876b71852c4a9b31dc83ae5b00dafb0d3573410734433ec3f56fb01e8dd42163165d53205c77b902880b282dd7840810eb22d37e00f4e29cb0133a2f136b3efdee2f45a4112a0dc41804e9a0b4862083dad8c4734314583497f4a8b9d993fe3f33e36153c635793b1bcddcbdde9359b971a18997a25c45f91ae2f1ff2702e9c13e1ca8b3162c83d0e45fd018270dda1aeca0627cc8264a9a3b47490a66c398f74', '26891d8c59ac38f4e19a317b7200b9f8', 1),
	(2, 'Champ', 'Champy', 'user1', '91bc334da247459eabbf2f2e5c717f24d1d8029ea8f9cfab87a5d404c491b8fa214eb6dcb23439a615cf817df7040807a710fa226a8af8c7dc010366ccf97e0ed08e802d60d4f18f64a8bc8f3ba3170cbf8c1372860c1900870707026dc27b86e304193b6b5c02108a554ea26410c4bc8db19332caf9cc43e4e107944895a2700efe317ee0c5e1ee3d71eb67326661b0643f4cb157f5ea1f5e7a8523b84bfd0ac6ab4d2236e6b7496e4f0382fcd68c95f9b871d21e6f4d05d95130b254514807691c4a8a44321e64fef8d67e32ef5fee277b50bae76a7371a284d69337c83da52d1745205a2c7c3e54d906a6bb286e7fb31c45c5be068774928792d48bbd52f1883a6f9924685919d139efdcddc60970deaa06656eb1a2fa2f00ff4de5db0fff18b3eb9e03bdfbaa5dd34708d3f2b57eb96b0c8aab22daa7e287e5473ee9ce25e8a5c3e5fa348f19d05fd2f08e495e4953a21a6280e8d02629b87cadc772519f7218c9464cce236226ba36bdfb666fbe21c80e0ff1194b283aac422884399e77537288a79f6512a67a9407140bbcd5823ebc354d6396ede44c5093612273a3848c0f95fd56855ecba22a259520307cdfdde24d5ea47a6431adc786041ae94d6509d7a7a574aac5b9d1e6d59533d35d08923402a0fca0f2ef51fc302cf11690e0d499abbe9c3afe856c8f20f5e7ca45f258abf2bab5fe40d1150011a502bcf8941', 'b7c0b4b448dee6f93b6d22bf3d357a0b1', 2),
	(3, 'Adelheid', 'Sercombe', 'asercombe0', '14896c53bcebbdb39ac6698f2f6d7312ae2b433d', '2e402dc2cbddc0bfbf29eec3f0c72b2d5ad87c3cc93b545fe586e11f9cb68c49', 2),
	(4, 'Audrye', 'Tills', 'atills1', '5b9bc0137022e23e1c92dc70356004fb04e8928e', 'b35593fb737d0963139f822b6b9efff5ddfd2c6b02e383e9271d4c3ed27bdf84', 2),
	(5, 'Delcina', 'Cristofori', 'dcristofori2', 'c01fa1ada719c47edb180462dc7f5c283750f1c5', '1d4741d33b255b6bfc98674daad9e2d5db758277ce622c39341c67c4e8ab9308', 2),
	(6, 'Elora', 'Savery', 'esavery3', '0be0e11bd38855c759dfc79596571432d3362770', 'b22b1823da739e36c2b7972ad829545e6d4c12e0b361c68e38769a18687a1b71', 2),
	(7, 'Rena', 'Skirving', 'rskirving4', '8c7021b96d002bd941d667638936700541ed842a', '0b1b6fe9872ff357e6943a6747e08e07b16d667f182a57cfe01b18f42470dc54', 2),
	(8, 'Lucais', 'Gini', 'lgini5', '22051379bef3f6422c43e351b1b01e31c7796dbf', '462ceaba2244398c7801dce476da21f9ee6a9a7f4210a60a0af35e3b98c64a6b', 2),
	(9, 'Lesley', 'Mowlam', 'lmowlam6', '3a1e94c75c3a95c44a69ade48bd927f3e900cedb', 'fee0352ac4b06b32b59a9a33c0408f1b9a0fec29f78dca5a182fba38fa1aa54f', 2),
	(10, 'Verene', 'Lankford', 'vlankford7', '5b426389972f6e2175e7a97ad59401ea17036d31', 'f0565273bb5ec29e2772628577018713ebdb47ee6446f188b256ac5cb286b173', 2);
/*!40000 ALTER TABLE `user` ENABLE KEYS */;

-- Dumping structure for table shirt-shop.user_address
CREATE TABLE IF NOT EXISTS `user_address` (
  `addr_id` int NOT NULL AUTO_INCREMENT,
  `addr_address` text CHARACTER SET utf8mb4 COLLATE utf8mb4_0900_ai_ci NOT NULL,
  `addr_user_id` int DEFAULT NULL,
  PRIMARY KEY (`addr_id`),
  KEY `FK_user_address_user` (`addr_user_id`),
  CONSTRAINT `FK_user_address_user` FOREIGN KEY (`addr_user_id`) REFERENCES `user` (`user_id`)
) ENGINE=InnoDB AUTO_INCREMENT=55 DEFAULT CHARSET=utf8mb4 COLLATE=utf8mb4_0900_ai_ci;

-- Dumping data for table shirt-shop.user_address: ~0 rows (approximately)
/*!40000 ALTER TABLE `user_address` DISABLE KEYS */;
REPLACE INTO `user_address` (`addr_id`, `addr_address`, `addr_user_id`) VALUES
	(1, '60663 Glacier Hill Trail', 4),
	(2, '55547 Nevada Street', 10),
	(3, '568 Cascade Street', 7),
	(4, '61091 Dennis Plaza', 3),
	(5, '27240 Vidon Trail', 5),
	(6, '5 Mandrake Way', 4),
	(7, '223 Ramsey Lane', 10),
	(8, '481 Hanover Crossing', 3),
	(9, '45834 Lindbergh Court', 5),
	(10, '19346 Grover Drive', 9),
	(11, '2 Oakridge Circle', 7),
	(12, '9394 Florence Circle', 8),
	(13, '416 Bartillon Alley', 8),
	(14, '16203 Mayfield Avenue', 10),
	(15, '3224 Burrows Center', 8),
	(16, '614 New Castle Pass', 6),
	(17, '23139 Amoth Street', 7),
	(18, '562 Trailsway Drive', 9),
	(19, '19789 Thompson Crossing', 3),
	(20, '810 Union Road', 7),
	(21, '719 Londonderry Court', 2),
	(22, '545 Barby Hill', 5),
	(23, '264 Orin Parkway', 3),
	(24, '71900 Dixon Way', 10),
	(25, '89486 Shoshone Street', 2),
	(26, '78550 Schlimgen Alley', 2),
	(27, '87 Lillian Lane', 8),
	(28, '345 Harbort Center', 8),
	(29, '3 Jenna Center', 10),
	(30, '6838 Grasskamp Park', 7),
	(31, '50638 Park Meadow Way', 10),
	(32, '9 Havey Street', 4),
	(33, '4023 Marquette Drive', 7),
	(34, '254 Knutson Parkway', 6),
	(35, '00627 Lakeland Park', 9),
	(36, '717 Sunfield Park', 3),
	(37, '809 Village Green Road', 2),
	(38, '3 Kim Crossing', 8),
	(39, '469 Loeprich Lane', 6),
	(40, '9509 Mockingbird Parkway', 3),
	(41, '39 Fuller Plaza', 8),
	(42, '77 Moland Plaza', 6),
	(43, '7455 Amoth Road', 9),
	(44, '5 Ruskin Point', 6),
	(45, '87 Bobwhite Park', 8),
	(46, '51372 Michigan Crossing', 6),
	(47, '1 Caliangt Circle', 2),
	(48, '4272 Dwight Plaza', 2),
	(49, '8 Brown Road', 7),
	(50, '53 Columbus Terrace', 6),
	(51, '23 streed 3 onlyway', 2),
	(54, '66 streed 3 onlyway35', 2);
/*!40000 ALTER TABLE `user_address` ENABLE KEYS */;

-- Dumping structure for table shirt-shop.user_role
CREATE TABLE IF NOT EXISTS `user_role` (
  `role_id` int NOT NULL AUTO_INCREMENT,
  `role_name` varchar(50) DEFAULT NULL,
  PRIMARY KEY (`role_id`)
) ENGINE=InnoDB AUTO_INCREMENT=3 DEFAULT CHARSET=utf8mb4 COLLATE=utf8mb4_0900_ai_ci;

-- Dumping data for table shirt-shop.user_role: ~0 rows (approximately)
/*!40000 ALTER TABLE `user_role` DISABLE KEYS */;
REPLACE INTO `user_role` (`role_id`, `role_name`) VALUES
	(1, 'admin'),
	(2, 'user');
/*!40000 ALTER TABLE `user_role` ENABLE KEYS */;

/*!40101 SET SQL_MODE=IFNULL(@OLD_SQL_MODE, '') */;
/*!40014 SET FOREIGN_KEY_CHECKS=IFNULL(@OLD_FOREIGN_KEY_CHECKS, 1) */;
/*!40101 SET CHARACTER_SET_CLIENT=@OLD_CHARACTER_SET_CLIENT */;
/*!40111 SET SQL_NOTES=IFNULL(@OLD_SQL_NOTES, 1) */;
